,author,bernie,bernie sanders,clinton,donald,donald trump,hillary,hillary clinton,sanders,trump,would,sentiment_mean,sentiment_min,sentiment_max,most_common_hour,avg_score_Conservative,avg_score_Economics,avg_score_Liberal,avg_score_Libertarian,avg_score_NeutralPolitics,avg_score_PoliticalDiscussion,avg_score_Republican,avg_score_democrats,avg_score_immigration,avg_score_politics,avg_score_uspolitics,subreddit_Conservative,subreddit_Economics,subreddit_Liberal,subreddit_Libertarian,subreddit_NeutralPolitics,subreddit_PoliticalDiscussion,subreddit_Republican,subreddit_democrats,subreddit_immigration,subreddit_politics,subreddit_uspolitics
0,-The_Hateful_One-,0.0,0.0,0.0,0.0,0.0,0.0,0.0,0.0,0.06083491429580416,0.0,-0.34,-0.34,-0.34,13,0.0,0.0,0.0,1.0,0.0,0.0,0.0,0.0,0.0,0.0,0.0,0,0,0,1,0,0,0,0,0,0,0
1,10gauge,0.0,0.0,0.0,0.0,0.0,0.1095299428785043,0.0,0.0,0.0691563278036966,0.0,-0.4767,-0.4767,-0.4767,18,1.0,0.0,0.0,0.0,0.0,0.0,0.0,0.0,0.0,0.0,0.0,1,0,0,0,0,0,0,0,0,0,0
2,1707BestYearOfMyLife,0.0,0.0,0.10984137614580577,0.0,0.0,0.1236413757581651,0.15607789657558865,0.0,0.0,0.0,0.765,0.765,0.765,19,1.0,0.0,0.0,0.0,0.0,0.0,0.0,0.0,0.0,0.0,0.0,1,0,0,0,0,0,0,0,0,0,0
3,200357931,0.11902116774682375,0.135257193027983,0.0,0.0,0.0,0.0,0.0,0.10287217815680846,0.06095246105808207,0.0,-0.296,-0.296,-0.296,22,0.0,0.0,1.0,0.0,0.0,0.0,0.0,0.0,0.0,0.0,0.0,0,0,1,0,0,0,0,0,0,0,0
4,AbuShakaBruh,0.0,0.0,0.0,0.0,0.0,0.0,0.0,0.0,0.0,0.0,-0.8573,-0.8573,-0.8573,4,0.0,0.0,0.0,0.0,0.0,1.0,0.0,0.0,0.0,0.0,0.0,0,0,0,0,0,1,0,0,0,0,0
5,AdamSB08,0.0,0.0,0.0,0.14675887146288719,0.1480153187964371,0.0,0.0,0.0,0.22917775797363804,0.0,-0.10333333333333333,-0.4019,0.3182,0,0.0,0.0,0.0,1.0,0.0,0.0,0.0,0.0,0.0,0.0,0.0,0,0,0,3,0,0,0,0,0,0,0
6,Aerocom42,0.0,0.0,0.0,0.0,0.0,0.0,0.0,0.0,0.054071141321666426,0.0,0.4939,0.4939,0.4939,16,0.0,0.0,0.0,0.0,0.0,1.0,0.0,0.0,0.0,0.0,0.0,0,0,0,0,0,1,0,0,0,0,0
7,AlexKingstonsGigolo,0.0,0.0,0.0,0.0,0.0,0.0,0.0,0.0,0.07683828602933232,0.0,-0.54825,-0.5859,-0.5106,1,0.0,0.0,0.0,0.0,0.0,0.0,1.0,0.0,0.0,0.0,0.0,0,0,0,0,0,0,2,0,0,0,0
8,Alexlincoln2,0.0,0.0,0.0,0.0,0.0,0.0,0.0,0.0,0.07491423043513445,0.0,-0.0577,-0.4336,0.3182,2,1.0,0.0,0.0,0.0,0.0,0.0,0.0,0.0,0.0,0.0,0.0,2,0,0,0,0,0,0,0,0,0,0
9,AliceInMindPalace,0.0,0.0,0.0,0.0,0.0,0.044758278594169816,0.0,0.0,0.028260018265699776,0.0,-0.4318,-0.4318,-0.4318,10,0.0,0.0,0.0,0.0,0.0,0.0,1.0,0.0,0.0,0.0,0.0,0,0,0,0,0,0,1,0,0,0,0
10,AnalLaser,0.0,0.0,0.0,0.0,0.0,0.0,0.0,0.0,0.06950059158655206,0.0,-0.4215,-0.4215,-0.4215,13,0.0,0.0,0.0,1.0,0.0,0.0,0.0,0.0,0.0,0.0,0.0,0,0,0,1,0,0,0,0,0,0,0
11,AnimalAttacks,0.0,0.0,0.0,0.13877706295804815,0.1399651756014165,0.0,0.0,0.0,0.06799552442268048,0.0,-0.2144,-0.2144,-0.2144,19,0.0,0.0,0.0,0.0,0.0,0.0,0.0,0.0,0.0,1.0,0.0,0,0,0,0,0,0,0,0,0,1,0
12,ApocalypseTomorrow,0.0,0.0,0.03444255558432372,0.0999216632367618,0.05038856149285547,0.07753954122752432,0.048940770927279664,0.0,0.024478922338282815,0.04855094541420283,-0.836,-0.836,-0.836,13,0.0,0.0,0.0,1.0,0.0,0.0,0.0,0.0,0.0,0.0,0.0,0,0,0,1,0,0,0,0,0,0,0
13,Auch999,0.0,0.0,0.0849294992929646,0.0,0.0,0.0,0.0,0.0,0.0,0.0,0.6037,0.6037,0.6037,13,0.0,0.0,0.0,0.0,0.0,0.0,0.0,0.0,0.0,0.0,1.0,0,0,0,0,0,0,0,0,0,0,1
14,BELIEVE_ME_FOLKS,0.0,0.0,0.08194635755676724,0.0,0.0,0.09224174661868613,0.1164407764020872,0.0,0.0,0.0,-0.3818,-0.3818,-0.3818,3,0.0,0.0,0.0,0.0,0.0,0.0,0.0,0.0,0.0,1.0,0.0,0,0,0,0,0,0,0,0,0,1,0
15,Backflip_Wilson,0.0,0.0,0.07540171783437963,0.0,0.0,0.08487486641824685,0.10714124249639963,0.0,0.0,0.0,0.296,0.296,0.296,20,0.0,0.0,0.0,0.0,0.0,0.0,0.0,0.0,0.0,1.0,0.0,0,0,0,0,0,0,0,0,0,1,0
16,BaconStorf,0.0,0.0,0.0,0.0,0.0,0.0498961230577687,0.0,0.0,0.0,0.0,-0.765,-0.765,-0.765,20,0.0,0.0,0.0,0.0,0.0,0.0,1.0,0.0,0.0,0.0,0.0,0,0,0,0,0,0,1,0,0,0,0
17,Bagordie4lyfe,0.0,0.0,0.0,0.0,0.0,0.0,0.0,0.0,0.08147648180577508,0.0,0.6124,0.6124,0.6124,16,0.0,0.0,1.0,0.0,0.0,0.0,0.0,0.0,0.0,0.0,0.0,0,0,1,0,0,0,0,0,0,0,0
18,BarbarianDwight,0.1582215827836342,0.1798050512265295,0.0,0.0,0.0,0.0,0.0,0.1367538158169735,0.0,0.10713883042104501,-0.9158,-0.9158,-0.9158,15,0.0,0.0,0.0,0.0,0.0,0.0,0.0,1.0,0.0,0.0,0.0,0,0,0,0,0,0,0,1,0,0,0
19,Bernard141,0.0,0.0,0.0,0.12241755934595448,0.12346561330335226,0.0,0.0,0.0,0.05997998494022788,0.0,-0.5574,-0.5574,-0.5574,9,0.0,0.0,0.0,0.0,0.0,0.0,0.0,0.0,0.0,0.0,1.0,0,0,0,0,0,0,0,0,0,0,1
20,BettyDraperIsMyBitch,0.0,0.0,0.0,0.0,0.0,0.0,0.0,0.0,0.06412994921409819,0.0,-0.5994,-0.5994,-0.5994,21,0.0,0.0,0.0,0.0,0.0,1.0,0.0,0.0,0.0,0.0,0.0,0,0,0,0,0,1,0,0,0,0,0
21,BigBidet,0.0,0.0,0.0,0.0,0.0,0.036065578381280564,0.0,0.0,0.0,0.0,0.8994,0.8994,0.8994,20,0.0,0.0,0.0,0.0,1.0,0.0,0.0,0.0,0.0,0.0,0.0,0,0,0,0,1,0,0,0,0,0,0
22,Big_MacLargeHuge,0.44209361181831536,0.14681378452436283,0.18941172370407322,0.0,0.0,0.05996764027341903,0.0,0.39016436765334256,0.0,0.0,-0.17022499999999996,-0.6705,0.3612,18,0.0,0.0,0.0,0.0,0.0,0.0,0.0,1.0,0.0,0.0,0.0,0,0,0,0,0,0,0,4,0,0,0
23,Bischof_des_koenigs,0.0,0.0,0.0,0.0,0.0,0.0,0.0,0.0,0.0,0.0,-0.2059,-0.2059,-0.2059,16,0.0,0.0,0.0,0.0,0.0,1.0,0.0,0.0,0.0,0.0,0.0,0,0,0,0,0,1,0,0,0,0,0
24,BlahBlahBlasphemee,0.0,0.0,0.0,0.0,0.0,0.0,0.0,0.0,0.031101983636175026,0.0,-0.6299,-0.6299,-0.6299,3,0.0,0.0,0.0,0.0,0.0,1.0,0.0,0.0,0.0,0.0,0.0,0,0,0,0,0,1,0,0,0,0,0
25,BlameTheFirst,0.0,0.0,0.0,0.0,0.0,0.0,0.0,0.0,0.0,0.0,-0.5095,-0.5095,-0.5095,17,0.0,0.0,0.0,0.0,0.0,0.0,1.0,0.0,0.0,0.0,0.0,0,0,0,0,0,0,1,0,0,0,0
26,BlankVerse,0.0,0.0,0.07133932395096214,0.0,0.0,0.0,0.0,0.08557218190647262,0.0,0.10056140040333487,0.2263,0.2263,0.2263,3,0.0,0.0,0.0,0.0,0.0,0.0,0.0,1.0,0.0,0.0,0.0,0,0,0,0,0,0,0,1,0,0,0
27,BlueDogDem62,0.0,0.0,0.0,0.0,0.0,0.0,0.0,0.0,0.04146942314745995,0.0,-0.8591,-0.8591,-0.8591,16,0.0,0.0,0.0,0.0,0.0,0.0,0.0,0.0,0.0,1.0,0.0,0,0,0,0,0,0,0,0,0,1,0
28,Boosane,0.0,0.0,0.0,0.0,0.0,0.0,0.0,0.0,0.0,0.0,-0.7184,-0.7184,-0.7184,8,0.0,0.0,0.0,0.0,0.0,0.0,1.0,0.0,0.0,0.0,0.0,0,0,0,0,0,0,1,0,0,0,0
29,BromeotheBard,0.0,0.0,0.0,0.0,0.0,0.0,0.0,0.0,0.05008379588703308,0.0,-0.296,-0.296,-0.296,2,0.0,0.0,0.0,1.0,0.0,0.0,0.0,0.0,0.0,0.0,0.0,0,0,0,1,0,0,0,0,0,0,0
30,ButchMFJones,0.0,0.0,0.0,0.0,0.0,0.0,0.0,0.0,0.0,0.0,0.6124,0.6124,0.6124,6,0.0,0.0,0.0,0.0,0.0,0.0,1.0,0.0,0.0,0.0,0.0,0,0,0,0,0,0,1,0,0,0,0
31,Callooh_Calais,0.1294833562269214,0.14714655920995334,0.0,0.0,0.0,0.0,0.0,0.1119148395388922,0.0,0.0,0.5719,0.5719,0.5719,6,0.0,0.0,0.0,0.0,0.0,1.0,0.0,0.0,0.0,0.0,0.0,0,0,0,0,0,1,0,0,0,0,0
32,Carmac,0.0,0.0,0.09242918587863463,0.0,0.0,0.10404159255135048,0.13133623612819467,0.0,0.0,0.0,0.6207,0.6207,0.6207,14,0.0,0.0,0.0,0.0,0.0,0.0,0.0,1.0,0.0,0.0,0.0,0,0,0,0,0,0,0,1,0,0,0
33,CarolinaPunk,0.0,0.0,0.0,0.0,0.0,0.0,0.0,0.0,0.04008298783448251,0.0,-0.3612,-0.3612,-0.3612,1,1.0,0.0,0.0,0.0,0.0,0.0,0.0,0.0,0.0,0.0,0.0,1,0,0,0,0,0,0,0,0,0,0
34,CatholicPrince,0.0,0.0,0.0,0.0,0.0,0.0,0.0,0.0,0.04569883054839265,0.0,-0.4199,-0.4199,-0.4199,22,0.0,0.0,0.0,0.0,0.0,0.0,0.0,0.0,0.0,1.0,0.0,0,0,0,0,0,0,0,0,0,1,0
35,CharlieDarwin2,0.0,0.0,0.12300577028718915,0.0,0.0,0.13845968794411925,0.17478369778980238,0.0,0.0,0.0,0.4939,0.4939,0.4939,19,0.0,0.0,0.0,0.0,0.0,0.0,0.0,1.0,0.0,0.0,0.0,0,0,0,0,0,0,0,1,0,0,0
36,Chuck419,0.0,0.0,0.0,0.0,0.0,0.0,0.0,0.0,0.03557679498784082,0.0,-0.8128,-0.8128,-0.8128,15,0.0,0.0,0.0,0.0,0.0,0.0,1.0,0.0,0.0,0.0,0.0,0,0,0,0,0,0,1,0,0,0,0
37,CitationDependent,0.0,0.0,0.09798988501126302,0.0,0.0,0.1103009140844562,0.13923765046370212,0.0,0.0,0.0,-0.2023,-0.2023,-0.2023,17,1.0,0.0,0.0,0.0,0.0,0.0,0.0,0.0,0.0,0.0,0.0,1,0,0,0,0,0,0,0,0,0,0
38,Clatsop,0.0,0.0,0.16899306130664943,0.0,0.0,0.0,0.0,0.0,0.045315339436108576,0.0,0.005400000000000016,-0.7269,0.7096,20,1.0,0.0,0.0,0.0,0.0,0.0,1.0,0.0,0.0,0.0,0.0,2,0,0,0,0,0,2,0,0,0,0
39,ClintonsWipedEmail,0.0,0.0,0.09498649012587541,0.0,0.0,0.10692018554112996,0.1349700095004741,0.0,0.0,0.0,0.34,0.34,0.34,1,0.0,0.0,0.0,0.0,0.0,0.0,0.0,0.0,0.0,1.0,0.0,0,0,0,0,0,0,0,0,0,1,0
40,ClockOfTheLongNow,0.0,0.0,0.0,0.0,0.0,0.0,0.0,0.0,0.08548763594364635,0.0,0.3182,0.3182,0.3182,15,0.0,0.0,0.0,0.0,0.0,1.0,0.0,0.0,0.0,0.0,0.0,0,0,0,0,0,1,0,0,0,0,0
41,ColonelCluster,0.0,0.0,0.0,0.0,0.0,0.0,0.0,0.0,0.0677292148291728,0.0,-0.8666,-0.8666,-0.8666,21,0.0,0.0,0.0,0.0,0.0,0.0,1.0,0.0,0.0,0.0,0.0,0,0,0,0,0,0,1,0,0,0,0
42,CoolCapeMay,0.0,0.0,0.1113035945625873,0.0,0.0,0.0,0.0,0.0,0.0,0.0,-0.4019,-0.4019,-0.4019,22,0.0,0.0,0.0,0.0,0.0,0.0,0.0,0.0,0.0,0.0,1.0,0,0,0,0,0,0,0,0,0,0,1
43,CornyHoosier,0.0,0.0,0.07678679182320018,0.0,0.0,0.0,0.0,0.0,0.027286853164018986,0.0,-0.3085,-0.3085,-0.3085,15,0.0,0.0,0.0,0.0,0.0,0.0,0.0,0.0,0.0,1.0,0.0,0,0,0,0,0,0,0,0,0,1,0
44,Cosmo-DNA,0.0,0.0,0.0495728771950739,0.07190819985230755,0.07252382782126242,0.0,0.0,0.05946312678656777,0.0352323046404767,0.0,-0.5267,-0.5267,-0.5267,2,0.0,0.0,0.0,0.0,0.0,0.0,0.0,0.0,0.0,1.0,0.0,0,0,0,0,0,0,0,0,0,1,0
45,Cudder_Buddy,0.10763939294764895,0.0,0.07756063428350404,0.0,0.0,0.0,0.0,0.0,0.0,0.1639966339970106,-0.9826,-0.9826,-0.9826,19,0.0,0.0,0.0,0.0,0.0,0.0,0.0,0.0,0.0,1.0,0.0,0,0,0,0,0,0,0,0,0,1,0
46,CunderscoreF,0.0,0.0,0.0,0.0,0.0,0.0,0.0,0.0,0.13253369054227856,0.0,-0.4019,-0.4019,-0.4019,3,1.0,0.0,0.0,0.0,0.0,0.0,0.0,0.0,0.0,0.0,0.0,1,0,0,0,0,0,0,0,0,0,0
47,DMooseJ,0.0,0.0,0.0,0.0,0.0,0.0,0.0,0.0,0.0375203849436348,0.0,-0.6361,-0.6361,-0.6361,20,0.0,0.0,0.0,1.0,0.0,0.0,0.0,0.0,0.0,0.0,0.0,0,0,0,1,0,0,0,0,0,0,0
48,Dan4t,0.0,0.0,0.0,0.0,0.0,0.062358728949351724,0.0,0.0,0.0,0.0,-0.9331,-0.9331,-0.9331,13,0.0,0.0,0.0,0.0,0.0,0.0,1.0,0.0,0.0,0.0,0.0,0,0,0,0,0,0,1,0,0,0,0
49,DanburyBaptist,0.0,0.0,0.0,0.0,0.0,0.0,0.0,0.0,0.13648494773377634,0.0,0.5351666666666667,0.3353,0.8114,17,1.0,0.0,0.0,0.0,0.0,0.0,1.0,0.0,0.0,0.0,0.0,2,0,0,0,0,0,1,0,0,0,0
50,DarraghMac,0.1588870052102235,0.0,0.0,0.0,0.0,0.12887134317523946,0.0,0.0,0.0,0.0,-0.3182,-0.3182,-0.3182,17,0.0,0.0,0.0,0.0,0.0,0.0,0.0,1.0,0.0,0.0,0.0,0,0,0,0,0,0,0,1,0,0,0
51,Debonaire_ordinaire,0.0,0.0,0.0574633385507601,0.0,0.0,0.06468278606271338,0.08165189954747337,0.0,0.0,0.0,0.2406,0.2406,0.2406,9,0.0,0.0,0.0,0.0,0.0,0.0,0.0,0.0,0.0,0.0,1.0,0,0,0,0,0,0,0,0,0,0,1
52,Demonicron,0.0,0.0,0.0,0.0,0.0,0.04799848506968597,0.0,0.0,0.0,0.0,0.938,0.938,0.938,7,0.0,0.0,0.0,0.0,0.0,0.0,1.0,0.0,0.0,0.0,0.0,0,0,0,0,0,0,1,0,0,0,0
53,DenshaOtaku,0.0,0.0,0.03044954061184204,0.0,0.0,0.0,0.0,0.03652450687640601,0.0,0.0,0.9482,0.9482,0.9482,19,0.0,0.0,0.0,0.0,1.0,0.0,0.0,0.0,0.0,0.0,0.0,0,0,0,0,1,0,0,0,0,0,0
54,DeptOfHasbara,0.0,0.0,0.0,0.0,0.0,0.07737752129382933,0.0,0.0,0.048855546589386185,0.0,-0.4588,-0.4588,-0.4588,20,0.0,0.0,0.0,0.0,0.0,1.0,0.0,0.0,0.0,0.0,0.0,0,0,0,0,0,1,0,0,0,0,0
55,Desdichado,0.0,0.0,0.0,0.0,0.0,0.0,0.0,0.0,0.03374340572589147,0.0,-0.34,-0.34,-0.34,22,0.0,1.0,0.0,0.0,0.0,0.0,0.0,0.0,0.0,0.0,0.0,0,1,0,0,0,0,0,0,0,0,0
56,DesignNoobie99,0.1600756208634417,0.0,0.0,0.0,0.0,0.1298354150673786,0.0,0.0,0.0,0.0,0.6705,0.6705,0.6705,10,0.0,0.0,0.0,0.0,0.0,0.0,0.0,0.0,0.0,0.0,1.0,0,0,0,0,0,0,0,0,0,0,1
57,DevilYouKnow,0.0,0.0,0.1460112035102575,0.0,0.0,0.0,0.0,0.0,0.0,0.0,-0.5106,-0.5106,-0.5106,4,0.0,0.0,0.0,0.0,0.0,1.0,0.0,0.0,0.0,0.0,0.0,0,0,0,0,0,1,0,0,0,0,0
58,DiggSucksNow,0.0,0.0,0.0,0.0,0.0,0.0,0.0,0.0,0.09735549299744205,0.0,-0.836,-0.836,-0.836,2,0.0,0.0,0.0,0.0,0.0,0.0,0.0,0.0,0.0,0.0,1.0,0,0,0,0,0,0,0,0,0,0,1
59,DiscordianStooge,0.0,0.0,0.054827274704938735,0.0,0.0,0.0,0.0,0.06576582541926214,0.0,0.0,0.7579,0.7579,0.7579,17,0.0,0.0,1.0,0.0,0.0,0.0,0.0,0.0,0.0,0.0,0.0,0,0,1,0,0,0,0,0,0,0,0
60,Dixzon,0.0,0.0,0.0,0.0,0.0,0.0,0.0,0.0,0.10988802087808633,0.1688539540357953,-0.7252000000000001,-0.8645,-0.5859,23,0.0,0.0,1.0,0.0,0.0,0.0,0.0,0.0,0.0,0.0,1.0,0,0,1,0,0,0,0,0,0,0,1
61,Doener23,0.17140039811088253,0.19478162726205858,0.0,0.0,0.0,0.0,0.0,0.1481445076065568,0.08702287720032142,0.0,-0.52975,-0.7506,-0.3089,6,0.0,0.0,0.0,0.0,0.0,0.0,0.0,0.0,0.0,0.0,1.0,0,0,0,0,0,0,0,0,0,0,2
62,Donald_T_Rump,0.0,0.0,0.0,0.0,0.0,0.0,0.0,0.0,0.04967755790908514,0.0,-0.9505,-0.9505,-0.9505,18,0.0,0.0,0.0,0.0,0.0,1.0,0.0,0.0,0.0,0.0,0.0,0,0,0,0,0,1,0,0,0,0,0
63,DrJarns,0.0,0.0,0.0,0.0,0.0,0.0,0.0,0.0,0.557898546050683,0.0,-0.055283333333333344,-0.4168,0.5456,1,1.0,0.0,0.0,0.0,0.0,0.0,1.0,0.0,0.0,0.0,0.0,2,0,0,0,0,0,4,0,0,0,0
64,DrMobius0,0.0,0.0,0.12816694993754724,0.0,0.0,0.0,0.0,0.0,0.0,0.0,0.3818,0.3818,0.3818,17,0.0,0.0,0.0,0.0,0.0,0.0,0.0,0.0,0.0,1.0,0.0,0,0,0,0,0,0,0,0,0,1,0
65,Dvorac,0.0,0.0,0.12923865836978726,0.0,0.0,0.0,0.0,0.0,0.0,0.0,-0.3182,-0.3182,-0.3182,1,0.0,0.0,0.0,0.0,0.0,1.0,0.0,0.0,0.0,0.0,0.0,0,0,0,0,0,1,0,0,0,0,0
66,ESPN_outsider,0.0,0.0,0.0,0.0,0.0,0.0,0.0,0.0,0.10548409978437139,0.0523036992797678,-0.8143,-0.8143,-0.8143,21,1.0,0.0,0.0,0.0,0.0,0.0,0.0,0.0,0.0,0.0,0.0,1,0,0,0,0,0,0,0,0,0,0
67,ElCaminoSS396,0.0,0.0,0.08465733037837929,0.0,0.0,0.0,0.0,0.10154725435630262,0.060167434748712396,0.0,-0.6808,-0.6808,-0.6808,19,0.0,0.0,0.0,0.0,0.0,1.0,0.0,0.0,0.0,0.0,0.0,0,0,0,0,0,1,0,0,0,0,0
68,Elron_de_Sade,0.0,0.0,0.0,0.16319059259716767,0.16458771689285967,0.0,0.0,0.0,0.07995723275860628,0.0,0.25,0.25,0.25,20,0.0,0.0,0.0,0.0,0.0,0.0,0.0,0.0,0.0,0.0,1.0,0,0,0,0,0,0,0,0,0,0,1
69,Emblem21,0.0,0.0,0.0,0.08070090234185749,0.08139180731102073,0.0,0.0,0.0,0.039540397088364064,0.0,0.4753,0.4753,0.4753,21,0.0,0.0,1.0,0.0,0.0,0.0,0.0,0.0,0.0,0.0,0.0,0,0,1,0,0,0,0,0,0,0,0
70,Enchanted_Bunny,0.0,0.0,0.0,0.0,0.0,0.0,0.0,0.0,0.03983700039037514,0.0,-0.5023,-0.5023,-0.5023,20,0.0,0.0,0.0,0.0,1.0,0.0,0.0,0.0,0.0,0.0,0.0,0,0,0,0,1,0,0,0,0,0,0
71,Envoy11,0.0,0.0,0.0,0.0,0.0,0.0,0.0,0.0,0.10532256706394884,0.0,-0.4019,-0.4019,-0.4019,15,0.0,0.0,0.0,0.0,0.0,1.0,0.0,0.0,0.0,0.0,0.0,0,0,0,0,0,1,0,0,0,0,0
72,FDRLover,0.0,0.0,0.06011574999529875,0.0,0.0,0.0,0.0,0.1081641009994255,0.0,0.0,0.8794,0.8794,0.8794,2,0.0,0.0,0.0,0.0,1.0,0.0,0.0,0.0,0.0,0.0,0.0,0,0,0,0,1,0,0,0,0,0,0
73,FF3,0.0,0.0,0.0,0.0,0.0,0.0,0.0,0.0,0.02671977276527691,0.0,-0.7643,-0.7643,-0.7643,17,0.0,0.0,0.0,0.0,0.0,1.0,0.0,0.0,0.0,0.0,0.0,0,0,0,0,0,1,0,0,0,0,0
74,FThumb,0.0,0.0,0.0,0.0,0.0,0.040585771231707375,0.0,0.0,0.025625530569108268,0.0,-0.5859,-0.5859,-0.5859,23,0.0,0.0,0.0,0.0,0.0,0.0,0.0,0.0,0.0,0.0,1.0,0,0,0,0,0,0,0,0,0,0,1
75,FWdem,0.0,0.0,0.0,0.0,0.0,0.0,0.0,0.0,0.0,0.0,0.4019,0.4019,0.4019,17,0.0,0.0,0.0,0.0,0.0,0.0,0.0,1.0,0.0,0.0,0.0,0,0,0,0,0,0,0,1,0,0,0
76,FatLadySingin,0.0,0.0,0.0,0.0,0.0,0.0,0.0,0.0,0.05785905215322642,0.0,-0.9367,-0.9367,-0.9367,11,0.0,0.0,0.0,0.0,0.0,0.0,0.0,0.0,0.0,1.0,0.0,0,0,0,0,0,0,0,0,0,1,0
77,Final_Senator,0.0,0.0,0.0,0.12608766132676655,0.12716713614343972,0.0,0.0,0.0,0.061778196428141224,0.0,-0.2924,-0.2924,-0.2924,21,0.0,0.0,0.0,0.0,0.0,0.0,0.0,0.0,0.0,1.0,0.0,0,0,0,0,0,0,0,0,0,1,0
78,FinlandAAR,0.0,0.0,0.09649727964297239,0.0,0.0,0.0,0.0,0.05787469175320678,0.0,0.0,0.9458,0.9458,0.9458,7,0.0,0.0,0.0,0.0,1.0,0.0,0.0,0.0,0.0,0.0,0.0,0,0,0,0,1,0,0,0,0,0,0
79,GTFErinyes,0.0,0.0,0.03474824025199171,0.0,0.0,0.0,0.0,0.16672334813922196,0.0,0.0,0.9465,0.9465,0.9465,16,0.0,0.0,0.0,0.0,0.0,1.0,0.0,0.0,0.0,0.0,0.0,0,0,0,0,0,1,0,0,0,0,0
80,General_Fear,0.06684445231087119,0.07596289937512049,0.0,0.0,0.0,0.0,0.0,0.05777488607358866,0.03423201060414675,0.0,0.9042,0.9042,0.9042,20,0.0,0.0,0.0,0.0,0.0,0.0,1.0,0.0,0.0,0.0,0.0,0,0,0,0,0,0,1,0,0,0,0
81,GetZePopcorn,0.0,0.0,0.0,0.0,0.0,0.0,0.0,0.0,0.05525330470559242,0.05479408250991896,0.7008,0.7008,0.7008,6,0.0,0.0,0.0,0.0,0.0,1.0,0.0,0.0,0.0,0.0,0.0,0,0,0,0,0,1,0,0,0,0,0
82,GhengopelALPHA,0.0,0.0,0.08435175634689558,0.0,0.0,0.0,0.0,0.0,0.014987564494584198,0.0,-0.6369,-0.6369,-0.6369,15,1.0,0.0,0.0,0.0,0.0,0.0,0.0,0.0,0.0,0.0,0.0,1,0,0,0,0,0,0,0,0,0,0
83,GiveYourBestEffort,0.0,0.0,0.0,0.15490173059446952,0.15622789142159815,0.0,0.0,0.0,0.07589600313803803,0.0,0.5574,0.5574,0.5574,4,0.0,0.0,0.0,0.0,0.0,0.0,0.0,0.0,0.0,0.0,1.0,0,0,0,0,0,0,0,0,0,0,1
84,GoldmanSlacks,0.0,0.0,0.0,0.0,0.0,0.0,0.0,0.0,0.07061778719586383,0.0,-0.8074,-0.8074,-0.8074,13,0.0,0.0,0.0,0.0,0.0,0.0,0.0,1.0,0.0,0.0,0.0,0,0,0,0,0,0,0,1,0,0,0
85,GonnaVote3,0.0,0.0,0.0,0.0,0.0,0.0,0.0,0.0,0.04275046527121923,0.0847903137700113,-0.885,-0.885,-0.885,22,0.0,0.0,0.0,0.0,0.0,1.0,0.0,0.0,0.0,0.0,0.0,0,0,0,0,0,1,0,0,0,0,0
86,HamsterSandwich,0.0,0.0,0.0,0.19284305694281204,0.1944940450042096,0.0,0.0,0.0,0.09448582142182381,0.0,-0.296,-0.296,-0.296,16,0.0,0.0,0.0,0.0,0.0,0.0,0.0,0.0,0.0,1.0,0.0,0,0,0,0,0,0,0,0,0,1,0
87,HannasAnarion,0.0,0.0,0.0,0.0,0.0,0.04880301484414247,0.0,0.0,0.0,0.0,0.5328,0.5328,0.5328,4,0.0,0.0,0.0,0.0,0.0,0.0,0.0,0.0,0.0,0.0,1.0,0,0,0,0,0,0,0,0,0,0,1
88,HappilyFlummoxed,0.0,0.0,0.09556584485645646,0.0,0.0,0.10757232791638531,0.13579323723935618,0.0,0.0,0.0,0.5859,0.5859,0.5859,20,0.0,0.0,0.0,0.0,0.0,0.0,0.0,0.0,0.0,1.0,0.0,0,0,0,0,0,0,0,0,0,1,0
89,Hardy723,0.0,0.0,0.0,0.0,0.0,0.0,0.0,0.0,0.06108605484464027,0.0,0.3818,0.3818,0.3818,14,0.0,0.0,0.0,0.0,0.0,0.0,0.0,0.0,0.0,1.0,0.0,0,0,0,0,0,0,0,0,0,1,0
90,HareScrambler,0.0,0.0,0.0,0.1374940274784042,0.13867115566481142,0.0,0.0,0.0,0.06736688544998751,0.0,-0.4404,-0.4404,-0.4404,3,0.0,0.0,0.0,0.0,0.0,0.0,0.0,0.0,0.0,1.0,0.0,0,0,0,0,0,0,0,0,0,1,0
91,HeinieKaboobler,0.0,0.0,0.0,0.0,0.0,0.0,0.0,0.0,0.09937960599768139,0.0,-0.296,-0.296,-0.296,16,0.0,0.0,1.0,0.0,0.0,0.0,0.0,0.0,0.0,0.0,0.0,0,0,1,0,0,0,0,0,0,0,0
92,HelloJerk,0.0,0.0,0.12305263562458142,0.0,0.0,0.04617081374719707,0.05828343019201565,0.0,0.05830376327332537,0.0,-0.9413,-0.9413,-0.9413,23,0.0,0.0,0.0,0.0,0.0,0.0,0.0,0.0,0.0,0.0,1.0,0,0,0,0,0,0,0,0,0,0,1
93,HenryCorp,0.5134519126669588,0.5834933884190128,0.27666077168620956,0.0,0.0,0.12847324418368747,0.16217737464885598,0.5163815051182374,0.17306093546693851,0.3315091526104761,-0.12952857142857144,-0.7165,0.6908,14,0.0,0.0,0.0,0.0,0.0,0.0,0.0,1.0,0.0,0.0,1.0,0,0,0,0,0,0,0,2,0,0,5
94,HenryK81,0.0,0.0,0.0,0.0,0.0,0.0,0.0,0.0,0.08615366426199325,0.0,-0.2716,-0.2716,-0.2716,1,0.0,0.0,0.0,0.0,0.0,0.0,0.0,0.0,0.0,0.0,1.0,0,0,0,0,0,0,0,0,0,0,1
95,Highenergyperson,0.0,0.0,0.0,0.0,0.0,0.0,0.0,0.0,0.03919155311063529,0.07773164723009472,-0.3612,-0.3612,-0.3612,0,1.0,0.0,0.0,0.0,0.0,0.0,0.0,0.0,0.0,0.0,0.0,1,0,0,0,0,0,0,0,0,0,0
96,HillarySoldout,0.0,0.0,0.0886065581070601,0.0,0.0,0.09973870621404296,0.12590451519648668,0.0,0.0,0.0,0.7684,0.7684,0.7684,20,0.0,0.0,0.0,0.0,0.0,0.0,0.0,1.0,0.0,0.0,0.0,0,0,0,0,0,0,0,1,0,0,0
97,HoldMyWater,0.0,0.0,0.08350822275076958,0.0,0.0,0.0,0.0,0.05008444454020309,0.0,0.0,0.7082,0.7082,0.7082,21,0.0,0.0,0.0,0.0,1.0,0.0,0.0,0.0,0.0,0.0,0.0,0,0,0,0,1,0,0,0,0,0,0
98,HollowUkuleleChords,0.0,0.0,0.0,0.0,0.0,0.0,0.0,0.0,0.0,0.0,-0.3939,-0.3939,-0.3939,21,0.0,0.0,0.0,0.0,0.0,0.0,0.0,1.0,0.0,0.0,0.0,0,0,0,0,0,0,0,1,0,0,0
99,I-_I,0.1211278813087699,0.1376512895428899,0.11049700065953728,0.0,0.0,0.0,0.0,0.23723522826583476,0.0,0.0,-0.22615000000000002,-0.25,-0.2023,19,0.0,0.0,0.0,0.0,0.0,0.0,0.0,0.0,0.0,0.0,1.0,0,0,0,0,0,0,0,0,0,0,2
100,IBiteYou,0.0,0.0,0.0,0.1606764510626885,0.16205205102805773,0.0,0.0,0.0,0.20343386134282682,0.0,-0.20315,-0.6249,0.5859,4,0.0,0.0,0.0,0.0,0.0,0.0,1.0,0.0,0.0,0.0,0.0,0,0,0,0,0,0,4,0,0,0,0
101,IIRC,0.0,0.0,0.07531712505299527,0.0,0.0,0.0,0.0,0.0,0.05737214334953529,0.0,-0.05259999999999998,-0.5267,0.4215,5,1.0,0.0,0.0,0.0,0.0,0.0,1.0,0.0,0.0,0.0,0.0,1,0,0,0,0,0,1,0,0,0,0
102,ISISisfunny,0.0,0.0,0.0,0.1000519977856068,0.1009085733682683,0.0,0.0,0.0,0.09804340737526275,0.0,-0.2732,-0.2732,-0.2732,0,1.0,0.0,0.0,0.0,0.0,0.0,0.0,0.0,0.0,0.0,0.0,1,0,0,0,0,0,0,0,0,0,0
103,IWillNeverTrulyLeave,0.0,0.0,0.0,0.0,0.0,0.0,0.0,0.0,0.03828263723964885,0.0,0.6072,0.6072,0.6072,23,1.0,0.0,0.0,0.0,0.0,0.0,0.0,0.0,0.0,0.0,0.0,1,0,0,0,0,0,0,0,0,0,0
104,IhateRall,0.0,0.0,0.0,0.0,0.0,0.0,0.0,0.0,0.04860133849677594,0.09639480446914524,-0.4215,-0.4215,-0.4215,3,0.0,0.0,1.0,0.0,0.0,0.0,0.0,0.0,0.0,0.0,0.0,0,0,1,0,0,0,0,0,0,0,0
105,Imapopulistnow,0.0674892913289105,0.0,0.0,0.0,0.0,0.0,0.0,0.0,0.03456224198970482,0.0,-0.2263,-0.2263,-0.2263,11,0.0,1.0,0.0,0.0,0.0,0.0,0.0,0.0,0.0,0.0,0.0,0,1,0,0,0,0,0,0,0,0,0
106,Inamanlyfashion,0.0,0.0,0.0,0.0,0.0,0.0,0.0,0.1428472033914534,0.0,0.0,-0.7469,-0.7469,-0.7469,18,0.0,0.0,0.0,1.0,0.0,0.0,0.0,0.0,0.0,0.0,0.0,0,0,0,1,0,0,0,0,0,0,0
107,InterestingTruth,0.0,0.0,0.0,0.155709599659357,0.15704267689925383,0.0,0.0,0.0,0.07629182849678978,0.0,-0.4404,-0.4404,-0.4404,16,0.0,0.0,0.0,0.0,0.0,0.0,0.0,0.0,0.0,0.0,1.0,0,0,0,0,0,0,0,0,0,0,1
108,IronPathologist,0.0,0.0,0.0,0.0,0.0,0.0,0.0,0.0,0.04758403246331444,0.0,-0.6124,-0.6124,-0.6124,16,1.0,0.0,0.0,0.0,0.0,0.0,0.0,0.0,0.0,0.0,0.0,1,0,0,0,0,0,0,0,0,0,0
109,IrwinMFletcher,0.10343117391815206,0.0,0.0,0.0,0.0,0.0,0.0,0.08939746056692448,0.0,0.0,-0.765,-0.765,-0.765,19,0.0,0.0,0.0,0.0,0.0,1.0,0.0,0.0,0.0,0.0,0.0,0,0,0,0,0,1,0,0,0,0,0
110,ItsATedAndRandParty,0.0,0.0,0.16624596407081013,0.0,0.0,0.18713239430533415,0.23622537605419208,0.0,0.0,0.0,-0.5267,-0.5267,-0.5267,4,0.0,0.0,0.0,1.0,0.0,0.0,0.0,0.0,0.0,0.0,0.0,0,0,0,1,0,0,0,0,0,0,0
111,J-V-R,0.0,0.0,0.0,0.0,0.0,0.0,0.0,0.0,0.06688084085274741,0.0,-0.3182,-0.3182,-0.3182,3,0.0,0.0,0.0,0.0,0.0,0.0,0.0,0.0,0.0,0.0,1.0,0,0,0,0,0,0,0,0,0,0,1
112,JFox93,0.0,0.0,0.1084779658378425,0.0,0.0,0.0,0.0,0.08674688527467032,0.0,0.0,0.7877,0.7877,0.7877,18,0.0,0.0,0.0,0.0,1.0,0.0,0.0,0.0,0.0,0.0,0.0,0,0,0,0,1,0,0,0,0,0,0
113,JSmurfington,0.0,0.0,0.0,0.0,0.0,0.0,0.0,0.0,0.02663575770892332,0.0,-0.2709,-0.2709,-0.2709,1,0.0,0.0,0.0,0.0,0.0,1.0,0.0,0.0,0.0,0.0,0.0,0,0,0,0,0,1,0,0,0,0,0
114,JackDT,0.0,0.0,0.04613594437532488,0.0,0.0,0.0,0.0,0.0,0.0,0.06503419037867766,-0.8976,-0.8976,-0.8976,8,0.0,0.0,0.0,0.0,0.0,1.0,0.0,0.0,0.0,0.0,0.0,0,0,0,0,0,1,0,0,0,0,0
115,Jakesta7,0.0,0.0,0.0,0.0,0.0,0.0,0.0,0.0,0.0,0.0,0.6705,0.6705,0.6705,17,0.0,0.0,0.0,0.0,0.0,0.0,1.0,0.0,0.0,0.0,0.0,0,0,0,0,0,0,1,0,0,0,0
116,James_JameZz,0.0,0.0,0.0,0.0,0.0,0.0,0.0,0.0,0.06442334669789081,0.0,-0.8591,-0.8591,-0.8591,17,0.0,0.0,0.0,0.0,0.0,0.0,1.0,0.0,0.0,0.0,0.0,0,0,0,0,0,0,1,0,0,0,0
117,JayWasc,0.0,0.0,0.07881447761920708,0.0,0.0,0.0,0.0,0.09453869818461386,0.10269802013083151,0.0,-0.016600000000000004,-0.714,0.6808,3,0.0,0.0,0.0,0.0,0.0,0.0,1.0,0.0,0.0,0.0,0.0,0,0,0,0,0,0,2,0,0,0,0
118,JimmyNelson,0.0,0.0,0.0,0.0,0.0,0.0,0.0,0.0,0.0,0.0,-0.2263,-0.2263,-0.2263,21,0.0,0.0,0.0,0.0,0.0,0.0,0.0,0.0,0.0,1.0,0.0,0,0,0,0,0,0,0,0,0,1,0
119,Jkeets777,0.0,0.0,0.0,0.0,0.0,0.0617051192929144,0.0,0.0,0.038960117615696,0.0,-0.4767,-0.4767,-0.4767,13,0.0,0.0,0.0,0.0,0.0,0.0,0.0,0.0,0.0,1.0,0.0,0,0,0,0,0,0,0,0,0,1,0
120,Johnhaven,0.0,0.0,0.0,0.0,0.0,0.07122366981304128,0.0,0.0,0.0,0.17838519292475202,-0.9097,-0.9097,-0.9097,20,0.0,0.0,0.0,0.0,0.0,0.0,0.0,0.0,0.0,0.0,1.0,0,0,0,0,0,0,0,0,0,0,1
121,JohnnyBeagle,0.0,0.0,0.0,0.0,0.0,0.0,0.0,0.0,0.026016716284355253,0.0,-0.296,-0.296,-0.296,22,0.0,0.0,0.0,0.0,0.0,0.0,0.0,1.0,0.0,0.0,0.0,0,0,0,0,0,0,0,1,0,0,0
122,JoseJimeniz,0.0,0.0,0.03583755218942262,0.0,0.0,0.04034002861201816,0.050922976026065984,0.0,0.0,0.0,0.2023,0.2023,0.2023,13,0.0,0.0,0.0,0.0,1.0,0.0,0.0,0.0,0.0,0.0,0.0,0,0,0,0,1,0,0,0,0,0,0
123,JuiceBusters,0.0,0.0,0.0,0.0,0.0,0.08292385996909554,0.0,0.0,0.10471492072504432,0.05192230615707371,-0.7089,-0.7089,-0.7089,18,0.0,0.0,1.0,0.0,0.0,0.0,0.0,0.0,0.0,0.0,0.0,0,0,1,0,0,0,0,0,0,0,0
124,KamikazeSkylark,0.0,0.0,0.0,0.0,0.0,0.0,0.0,0.0,0.03781657043213664,0.0,-0.47,-0.47,-0.47,2,0.0,0.0,0.0,0.0,0.0,0.0,0.0,0.0,0.0,0.0,1.0,0,0,0,0,0,0,0,0,0,0,1
125,Katalyna,0.0,0.0,0.0,0.05477025630397427,0.05523916112591122,0.0,0.0,0.0,0.0536707179237414,0.0,-0.8832,-0.8832,-0.8832,19,0.0,0.0,0.0,0.0,0.0,1.0,0.0,0.0,0.0,0.0,0.0,0,0,0,0,0,1,0,0,0,0,0
126,Kevin_Milner,0.0,0.0,0.05734493044569886,0.08318199290267848,0.0,0.06454950167094414,0.08148364885157051,0.0,0.04075603784503712,0.08083461115520618,-0.2003,-0.2003,-0.2003,15,0.0,0.0,0.0,0.0,0.0,0.0,0.0,0.0,0.0,0.0,1.0,0,0,0,0,0,0,0,0,0,0,1
127,KeyzerSozee,0.0,0.0,0.0,0.0,0.0,0.0,0.0,0.0,0.0,0.19164143669815276,0.9268,0.9268,0.9268,0,0.0,0.0,0.0,0.0,0.0,1.0,0.0,0.0,0.0,0.0,0.0,0,0,0,0,0,1,0,0,0,0,0
128,Kharos,0.0,0.0,0.0,0.0,0.0,0.0,0.0,0.0,0.11865786562363771,0.23534334874903554,-0.5859,-0.5859,-0.5859,6,0.0,0.0,0.0,0.0,0.0,0.0,1.0,0.0,0.0,0.0,0.0,0,0,0,0,0,0,1,0,0,0,0
129,KonAleman,0.0,0.0,0.0,0.12680864358190203,0.12789429094693952,0.0,0.0,0.0,0.12426290105716867,0.0,-0.3109,-0.3109,-0.3109,8,0.0,0.0,0.0,0.0,0.0,0.0,0.0,0.0,0.0,0.0,1.0,0,0,0,0,0,0,0,0,0,0,1
130,KrakatoaSpelunker,0.0,0.0,0.0,0.0,0.0,0.0,0.0,0.08735731816737409,0.0,0.0,0.6896,0.6896,0.6896,17,0.0,0.0,0.0,0.0,1.0,0.0,0.0,0.0,0.0,0.0,0.0,0,0,0,0,1,0,0,0,0,0,0
131,Law_Student,0.0,0.0,0.0,0.0,0.0,0.08090358778185672,0.0,0.0,0.10216375340108512,0.0,-0.3556,-0.3556,-0.3556,15,0.0,0.0,1.0,0.0,0.0,0.0,0.0,0.0,0.0,0.0,0.0,0,0,1,0,0,0,0,0,0,0,0
132,Leadback,0.0,0.0,0.0,0.0,0.0,0.0,0.0,0.0,0.05366518041589478,0.0,0.4019,0.4019,0.4019,23,0.0,0.0,0.0,0.0,0.0,1.0,0.0,0.0,0.0,0.0,0.0,0,0,0,0,0,1,0,0,0,0,0
133,Lhtfoot,0.0,0.0,0.08193416679617846,0.0,0.0,0.09222802426319839,0.11642345407477198,0.0,0.0,0.0,0.9393,0.9393,0.9393,21,1.0,0.0,0.0,0.0,0.0,0.0,0.0,0.0,0.0,0.0,0.0,1,0,0,0,0,0,0,0,0,0,0
134,LibertyLipService,0.0,0.0,0.0,0.0,0.0,0.0,0.0,0.0,0.028659980808386068,0.0,-0.4588,-0.4588,-0.4588,2,0.0,0.0,0.0,0.0,0.0,0.0,0.0,0.0,0.0,0.0,1.0,0,0,0,0,0,0,0,0,0,0,1
135,Librehombre,0.0,0.0,0.0,0.0,0.0,0.0,0.0,0.0,0.14916222732011858,0.0,0.4585,0.4585,0.4585,22,0.0,0.0,0.0,1.0,0.0,0.0,0.0,0.0,0.0,0.0,0.0,0,0,0,1,0,0,0,0,0,0,0
136,LiftedUp1291,0.0,0.0,0.0,0.0,0.0,0.0,0.0,0.0,0.04739412851522912,0.0,0.7227,0.7227,0.7227,1,0.0,0.0,0.0,0.0,0.0,0.0,1.0,0.0,0.0,0.0,0.0,0,0,0,0,0,0,1,0,0,0,0
137,LiquidSnape,0.0,0.0,0.0,0.0,0.0,0.0,0.0,0.0,0.06869526899272912,0.0,0.4767,0.4767,0.4767,17,0.0,0.0,0.0,0.0,0.0,0.0,0.0,1.0,0.0,0.0,0.0,0,0,0,0,0,0,0,1,0,0,0
138,LlewynDavis1,0.0,0.0,0.0,0.11439231247127446,0.11537165984939522,0.0,0.0,0.0,0.056047916785490356,0.0,-0.25495,-0.3076,-0.2023,1,0.0,0.0,0.0,0.0,0.0,1.0,0.0,0.0,0.0,0.0,0.0,0,0,0,0,0,2,0,0,0,0,0
139,LogicFTW2,0.0,0.0,0.13921462018811445,0.0,0.0,0.15670494825975603,0.19781548496522605,0.0,0.0,0.0,0.5267,0.5267,0.5267,4,0.0,0.0,0.0,0.0,0.0,0.0,1.0,0.0,0.0,0.0,0.0,0,0,0,0,0,0,1,0,0,0,0
140,LoneLegislator,0.0,0.0,0.0,0.0,0.0,0.0,0.0,0.0,0.025569404520668578,0.0,-0.9388,-0.9388,-0.9388,20,0.0,0.0,0.0,0.0,0.0,1.0,0.0,0.0,0.0,0.0,0.0,0,0,0,0,0,1,0,0,0,0,0
141,MJGSimple,0.0,0.0,0.0,0.0412244965021278,0.04157743195462025,0.0,0.0,0.0,0.04039689555284073,0.12018344458460387,-0.8126,-0.8126,-0.8126,2,0.0,0.0,0.0,0.0,1.0,0.0,0.0,0.0,0.0,0.0,0.0,0,0,0,0,1,0,0,0,0,0,0
142,MathW,0.0,0.0,0.0,0.053158870723238064,0.05361397998313467,0.0,0.0,0.0,0.02604584082916295,0.0,-0.9226,-0.9226,-0.9226,0,0.0,0.0,0.0,0.0,0.0,0.0,1.0,0.0,0.0,0.0,0.0,0,0,0,0,0,0,1,0,0,0,0
143,Mddoc,0.0,0.0,0.0,0.0,0.0,0.0,0.0,0.0,0.03195533668829453,0.0,-0.8297,-0.8297,-0.8297,19,0.0,0.0,1.0,0.0,0.0,0.0,0.0,0.0,0.0,0.0,0.0,0,0,1,0,0,0,0,0,0,0,0
144,Mildly-Offensive,0.0,0.0,0.0,0.0,0.0,0.0,0.0,0.0,0.08162279408721963,0.0,-0.3612,-0.3612,-0.3612,4,0.0,0.0,0.0,0.0,0.0,0.0,1.0,0.0,0.0,0.0,0.0,0,0,0,0,0,0,1,0,0,0,0
145,Milskidasith,0.0,0.0,0.03606895088039726,0.05232000793830067,0.052767935438765345,0.08120099848505558,0.0,0.0,0.02563482971706202,0.0,-0.5789,-0.5789,-0.5789,14,0.0,0.0,0.0,0.0,0.0,1.0,0.0,0.0,0.0,0.0,0.0,0,0,0,0,0,1,0,0,0,0,0
146,MoonbeamStarcrush,0.0,0.0,0.0,0.14459626502412323,0.0,0.11220718000477696,0.0,0.0,0.0,0.0,0.4404,0.4404,0.4404,18,0.0,0.0,0.0,0.0,1.0,0.0,0.0,0.0,0.0,0.0,0.0,0,0,0,0,1,0,0,0,0,0,0
147,Moranic,0.0,0.0,0.0,0.0,0.0,0.0,0.0,0.0,0.02519668205911624,0.0,0.533,0.533,0.533,12,0.0,0.0,0.0,0.0,0.0,0.0,0.0,0.0,0.0,0.0,1.0,0,0,0,0,0,0,0,0,0,0,1
148,Morganross,0.0,0.0,0.0,0.0,0.0,0.0,0.0,0.0,0.05711964001004012,0.0,-0.8481,-0.8481,-0.8481,19,0.0,0.0,0.0,0.0,0.0,1.0,0.0,0.0,0.0,0.0,0.0,0,0,0,0,0,1,0,0,0,0,0
149,MorningLtMtn,0.0,0.0,0.059454284263866425,0.0,0.0,0.0,0.0,0.0,0.04225519223189642,0.0,0.4391,0.4391,0.4391,0,0.0,0.0,0.0,0.0,0.0,0.0,1.0,0.0,0.0,0.0,0.0,0,0,0,0,0,0,1,0,0,0,0
150,My4name2is0relevant,0.10192724995473532,0.11583144396016075,0.036722346442010494,0.0,0.0,0.0,0.0,0.13214638725459277,0.0,0.0,-0.9371,-0.9371,-0.9371,0,0.0,0.0,0.0,0.0,1.0,0.0,0.0,0.0,0.0,0.0,0.0,0,0,0,0,1,0,0,0,0,0,0
151,Myhouseisamess,0.0,0.0,0.0464960276289509,0.0,0.0,0.05233758921321253,0.0,0.0,0.0,0.0,0.9282,0.9282,0.9282,7,0.0,0.0,0.0,0.0,0.0,1.0,0.0,0.0,0.0,0.0,0.0,0,0,0,0,0,1,0,0,0,0,0
152,Mynameis__--__,0.0,0.0,0.1920912204916317,0.0,0.0,0.22918386667054458,0.15232349231363287,0.0,0.14144256854905154,0.0,0.0016999999999999793,-0.5994,0.6597,18,0.0,0.0,1.0,0.0,0.0,0.0,0.0,0.0,0.0,0.0,0.0,0,0,4,0,0,0,0,0,0,0,0
153,Namkcalb,0.0,0.0,0.0,0.0,0.0,0.11417547548542348,0.0,0.0,0.07208947984727276,0.0,-0.3182,-0.3182,-0.3182,9,0.0,0.0,0.0,0.0,1.0,0.0,0.0,0.0,0.0,0.0,0.0,0,0,0,0,1,0,0,0,0,0,0
154,Ndlaxfan,0.0,0.0,0.0,0.0,0.0,0.0,0.0,0.0,0.0,0.0,-0.5301,-0.5301,-0.5301,20,0.0,0.0,0.0,0.0,0.0,1.0,0.0,0.0,0.0,0.0,0.0,0,0,0,0,0,1,0,0,0,0,0
155,Notafrenchaccent,0.0,0.0,0.0,0.0,0.0,0.0,0.0,0.0,0.02675021009342673,0.053055766594483404,-0.7814,-0.7814,-0.7814,19,0.0,0.0,0.0,0.0,0.0,0.0,0.0,0.0,0.0,1.0,0.0,0,0,0,0,0,0,0,0,0,1,0
156,OliveOliveo,0.0,0.0,0.0,0.0,0.0,0.0,0.0,0.0,0.08355670037202947,0.0,0.6796,0.6796,0.6796,13,0.0,0.0,1.0,0.0,0.0,0.0,0.0,0.0,0.0,0.0,0.0,0,0,1,0,0,0,0,0,0,0,0
157,Peter_Hurst,0.0,0.0,0.09390247934449591,0.0,0.0,0.10569998429229881,0.13342969629101117,0.0,0.0,0.0,0.8834,0.8834,0.8834,6,0.0,0.0,0.0,0.0,0.0,0.0,0.0,0.0,0.0,0.0,1.0,0,0,0,0,0,0,0,0,0,0,1
158,Philip_K_Fry,0.0,0.0,0.07011042721119287,0.0,0.0,0.078918800724763,0.09962264122231446,0.0,0.0,0.0,0.7003,0.7003,0.7003,23,0.0,0.0,0.0,0.0,0.0,1.0,0.0,0.0,0.0,0.0,0.0,0,0,0,0,0,1,0,0,0,0,0
159,PinkSlimeIsPeople,0.13444838078085772,0.15278887727146778,0.0,0.0,0.0,0.0,0.0,0.11620620132045309,0.0,0.0,-0.5719,-0.5719,-0.5719,23,0.0,0.0,0.0,0.0,0.0,0.0,0.0,1.0,0.0,0.0,0.0,0,0,0,0,0,0,0,1,0,0,0
160,PinnedWrists,0.0,0.0,0.0,0.0,0.0,0.1469298820670378,0.0,0.0,0.0,0.0,0.296,0.296,0.296,22,0.0,0.0,0.0,0.0,0.0,1.0,0.0,0.0,0.0,0.0,0.0,0,0,0,0,0,1,0,0,0,0,0
161,PlayerDeus,0.0,0.0,0.0,0.0,0.0,0.0,0.0,0.0,0.026492750847840883,0.0,-0.2263,-0.2263,-0.2263,22,0.0,0.0,0.0,1.0,0.0,0.0,0.0,0.0,0.0,0.0,0.0,0,0,0,1,0,0,0,0,0,0,0
162,PleaseDontUpv0te,0.0,0.0,0.11533167932974625,0.0,0.0,0.12982145709737503,0.16387928256126857,0.0,0.0,0.0,0.4767,0.4767,0.4767,8,0.0,0.0,0.0,0.0,0.0,0.0,0.0,0.0,0.0,1.0,0.0,0,0,0,0,0,0,0,0,0,1,0
163,PoppyOncrack,0.149479098444588,0.0,0.0,0.0,0.0,0.0,0.0,0.12919752626373582,0.09461569352637848,0.0,0.2623,-0.2057,0.7303,3,0.0,0.0,0.0,0.0,0.0,1.0,1.0,0.0,0.0,0.0,0.0,0,0,0,0,0,1,1,0,0,0,0
164,PostNationalism,0.0,0.0,0.0,0.17007735272698798,0.08576671833533857,0.0,0.0,0.0,0.04166574268324393,0.0,-0.5423,-0.5423,-0.5423,16,0.0,0.0,0.0,1.0,0.0,0.0,0.0,0.0,0.0,0.0,0.0,0,0,0,1,0,0,0,0,0,0,0
165,Pure_Politics,0.0,0.0,0.0,0.0,0.0,0.0,0.0,0.0,0.06809494881308628,0.0,-0.34,-0.34,-0.34,12,0.0,0.0,0.0,0.0,0.0,0.0,1.0,0.0,0.0,0.0,0.0,0,0,0,0,0,0,1,0,0,0,0
166,RPolitics4Trump,0.1430537169597947,0.0,0.0,0.0,0.0,0.038676384361803165,0.0,0.0,0.0,0.09686799773337204,0.91,0.91,0.91,7,0.0,0.0,0.0,0.0,0.0,0.0,0.0,0.0,0.0,1.0,0.0,0,0,0,0,0,0,0,0,0,1,0
167,Ratwar100,0.0,0.0,0.03495226834763765,0.0,0.0,0.039343521503535914,0.0,0.0,0.0,0.0,0.9605,0.9605,0.9605,22,0.0,0.0,0.0,0.0,1.0,0.0,0.0,0.0,0.0,0.0,0.0,0,0,0,0,1,0,0,0,0,0,0
168,RealRepub,0.0,0.0,0.12165094870179195,0.0,0.0,0.0,0.0,0.0,0.0,0.0,0.5859,0.5859,0.5859,3,0.0,0.0,1.0,0.0,0.0,0.0,0.0,0.0,0.0,0.0,0.0,0,0,1,0,0,0,0,0,0,0,0
169,RebasKradd,0.0,0.0,0.0,0.0,0.0,0.0,0.0,0.0,0.06429780909904526,0.0,0.05794999999999999,-0.2023,0.3182,21,0.0,0.0,0.0,0.0,0.0,0.0,1.0,0.0,0.0,0.0,0.0,0,0,0,0,0,0,2,0,0,0,0
170,ReckZero,0.0,0.0,0.0,0.0,0.0,0.0,0.0,0.0,0.08557563027219962,0.0,-0.5709,-0.5709,-0.5709,17,0.0,0.0,1.0,0.0,0.0,0.0,0.0,0.0,0.0,0.0,0.0,0,0,1,0,0,0,0,0,0,0,0
171,Redleg61,0.0,0.0,0.0,0.0,0.0,0.0,0.0,0.0,0.06670333864894756,0.0,-0.813,-0.813,-0.813,17,0.0,0.0,0.0,0.0,0.0,1.0,0.0,0.0,0.0,0.0,0.0,0,0,0,0,0,1,0,0,0,0,0
172,RhinestoneTaco,0.0,0.0,0.03434625558382726,0.0,0.0,0.0,0.0,0.0,0.0,0.0,0.945,0.945,0.945,21,0.0,0.0,0.0,0.0,0.0,0.0,0.0,1.0,0.0,0.0,0.0,0,0,0,0,0,0,0,1,0,0,0
173,RichGunzUSA,0.0,0.0,0.05145212955436901,0.0,0.0,0.0,0.0,0.0,0.07313584384974697,0.0,-0.7783,-0.7783,-0.7783,21,0.0,0.0,0.0,0.0,0.0,0.0,0.0,0.0,0.0,0.0,1.0,0,0,0,0,0,0,0,0,0,0,1
174,Rodot,0.0,0.0,0.12426930171933637,0.0,0.0,0.0,0.0,0.0,0.0,0.0,0.2732,0.2732,0.2732,19,0.0,0.0,0.0,0.0,0.0,0.0,0.0,0.0,0.0,1.0,0.0,0,0,0,0,0,0,0,0,0,1,0
175,RushofBlood52,0.0,0.0,0.0,0.0,0.0,0.0,0.0,0.0,0.04361307575777642,0.0,-0.5362,-0.5362,-0.5362,18,0.0,0.0,0.0,0.0,0.0,1.0,0.0,0.0,0.0,0.0,0.0,0,0,0,0,0,1,0,0,0,0,0
176,Rusty_Hackleford,0.12646949209636543,0.1437215650666103,0.0,0.0,0.0,0.0,0.0,0.25282162704270894,0.10432368944240333,0.0,-0.2431,-0.6369,0.3291,22,0.0,0.0,0.0,0.0,0.0,0.0,0.0,1.0,0.0,0.0,0.0,0,0,0,0,0,0,0,3,0,0,0
177,RxCubed,0.0,0.0,0.0,0.0,0.0,0.11840463486928407,0.0,0.0,0.0747597371759812,0.0,0.25,0.25,0.25,21,0.0,0.0,0.0,1.0,0.0,0.0,0.0,0.0,0.0,0.0,0.0,0,0,0,1,0,0,0,0,0,0,0
178,Ryguy2054,0.0,0.0,0.0,0.0,0.0,0.0,0.0,0.0,0.058707786598598044,0.0,0.4404,0.4404,0.4404,4,0.0,0.0,1.0,0.0,0.0,0.0,0.0,0.0,0.0,0.0,0.0,0,0,1,0,0,0,0,0,0,0,0
179,SAT0725,0.0,0.0,0.06626274404658754,0.0,0.0,0.0,0.0,0.07948277714370112,0.0,0.0,0.678,0.678,0.678,6,0.0,0.0,0.0,0.0,0.0,0.0,0.0,0.0,0.0,1.0,0.0,0,0,0,0,0,0,0,0,0,1,0
180,S_Seaborn,0.0,0.0,0.0,0.0,0.0,0.0,0.0,0.0,0.05457836499103217,0.0,0.4019,0.4019,0.4019,19,0.0,0.0,0.0,0.0,0.0,0.0,0.0,1.0,0.0,0.0,0.0,0,0,0,0,0,0,0,1,0,0,0
181,SchlangeHatRecht,0.0,0.0,0.1853976958063797,0.0,0.0,0.14521768329261145,0.1833146098133255,0.0,0.28457997664537493,0.0,0.025042857142857162,-0.7783,0.9168,18,0.0,0.0,0.0,0.0,0.0,0.0,0.0,0.0,0.0,0.0,1.0,0,0,0,0,0,0,0,0,0,0,7
182,SeekingEnoch,0.0,0.0,0.0871154256882932,0.0,0.0,0.0,0.0,0.0,0.06191444576954577,0.0,-0.3182,-0.3182,-0.3182,12,0.0,0.0,0.0,0.0,0.0,0.0,0.0,0.0,0.0,1.0,0.0,0,0,0,0,0,0,0,0,0,1,0
183,SethLevy,0.0,0.0,0.0,0.0,0.0,0.0,0.0,0.0,0.06249462432744465,0.0,-0.4767,-0.4767,-0.4767,23,0.0,0.0,0.0,1.0,0.0,0.0,0.0,0.0,0.0,0.0,0.0,0,0,0,1,0,0,0,0,0,0,0
184,Shill_of_Halliburton,0.15664652396989104,0.17801513403756317,0.0,0.0,0.0,0.0,0.0,0.13539246359734558,0.0,0.0,0.4019,0.4019,0.4019,12,0.0,0.0,0.0,0.0,0.0,0.0,0.0,1.0,0.0,0.0,0.0,0,0,0,0,0,0,0,1,0,0,0
185,Shogouki,0.0,0.0,0.0,0.0,0.0,0.0,0.0,0.0,0.04605660060579883,0.09134762842393741,-0.7744,-0.7744,-0.7744,0,0.0,0.0,1.0,0.0,0.0,0.0,0.0,0.0,0.0,0.0,0.0,0,0,1,0,0,0,0,0,0,0,0
186,SiNiquity,0.0,0.0,0.0,0.0,0.0,0.0,0.0,0.0,0.056774419320786175,0.0,-0.6808,-0.6808,-0.6808,1,0.0,0.0,0.0,0.0,0.0,0.0,1.0,0.0,0.0,0.0,0.0,0,0,0,0,0,0,1,0,0,0,0
187,Sketcher10,0.0,0.0,0.0,0.0,0.0,0.0,0.0,0.0,0.0,0.0,0.4215,0.4215,0.4215,2,1.0,0.0,0.0,0.0,0.0,0.0,0.0,0.0,0.0,0.0,0.0,1,0,0,0,0,0,0,0,0,0,0
188,SketchyHippopotamus,0.0,0.0,0.0,0.0,0.0,0.04896394470930171,0.0,0.0,0.0,0.0,-0.3737,-0.3737,-0.3737,18,0.0,0.0,0.0,0.0,1.0,0.0,0.0,0.0,0.0,0.0,0.0,0,0,0,0,1,0,0,0,0,0,0
189,Slurm28,0.0,0.0,0.05009678111238892,0.0,0.0,0.0,0.0,0.0,0.03560465225194469,0.0,-0.7845,-0.7845,-0.7845,1,1.0,0.0,0.0,0.0,0.0,0.0,0.0,0.0,0.0,0.0,0.0,1,0,0,0,0,0,0,0,0,0,0
190,SmegmaSundae,0.0,0.0,0.0,0.0,0.0,0.05879901513096257,0.0,0.0,0.0,0.0,0.4608,0.4608,0.4608,17,0.0,0.0,0.0,0.0,0.0,0.0,0.0,1.0,0.0,0.0,0.0,0,0,0,0,0,0,0,1,0,0,0
191,Socrates_Burrito,0.0,0.0,0.0,0.1372710946312347,0.13844631422173498,0.0,0.0,0.0,0.06725765676672223,0.0,-0.2732,-0.2732,-0.2732,10,0.0,0.0,0.0,0.0,0.0,0.0,0.0,0.0,0.0,1.0,0.0,0,0,0,0,0,0,0,0,0,1,0
192,SomeStupidJerk,0.0,0.0,0.0506710742613384,0.0,0.0,0.0,0.0,0.0,0.0,0.0,0.8074,0.8074,0.8074,11,0.0,0.0,0.0,0.0,0.0,0.0,0.0,1.0,0.0,0.0,0.0,0,0,0,0,0,0,0,1,0,0,0
193,Speckles,0.0,0.0,0.0,0.0,0.0,0.0,0.0,0.0,0.11016162798573288,0.0,-0.3182,-0.3182,-0.3182,18,0.0,0.0,0.0,0.0,0.0,1.0,0.0,0.0,0.0,0.0,0.0,0,0,0,0,0,1,0,0,0,0,0
194,Stepsmiles,0.0,0.0,0.0,0.0,0.0,0.11120342165904701,0.0,0.0,0.07021294888902044,0.0,-0.4588,-0.4588,-0.4588,19,1.0,0.0,0.0,0.0,0.0,0.0,0.0,0.0,0.0,0.0,0.0,1,0,0,0,0,0,0,0,0,0,0
195,StonerMeditation,0.0,0.0,0.05266661970587285,0.0,0.0,0.11856685605108118,0.0748360546077605,0.0,0.07486216232959884,0.0,0.296,0.296,0.296,2,0.0,0.0,1.0,0.0,0.0,0.0,0.0,0.0,0.0,0.0,0.0,0,0,1,0,0,0,0,0,0,0,0
196,StrictScrutiny,0.0,0.0,0.0,0.0,0.0,0.0,0.0,0.0,0.0,0.0,0.3182,0.3182,0.3182,15,0.0,0.0,1.0,0.0,0.0,0.0,0.0,0.0,0.0,0.0,0.0,0,0,1,0,0,0,0,0,0,0,0
197,Suicidal_Ghost,0.05381337878700981,0.0,0.0,0.0,0.0,0.043647385737456544,0.0,0.0,0.0,0.05465912768799514,0.9687,0.9687,0.9687,8,0.0,0.0,0.0,0.0,0.0,0.0,0.0,1.0,0.0,0.0,0.0,0,0,0,0,0,0,0,1,0,0,0
198,TRUMP_2016_MAGA,0.0,0.0,0.0,0.0,0.0,0.0,0.0,0.0,0.12115402194922491,0.0,-0.25,-0.25,-0.25,14,1.0,0.0,0.0,0.0,0.0,0.0,0.0,0.0,0.0,0.0,0.0,1,0,0,0,0,0,0,0,0,0,0
199,TenBillionSnackPacks,0.0,0.0,0.0,0.0,0.0,0.04110022796930176,0.0,0.0,0.05190070885738612,0.0,-0.9081,-0.9081,-0.9081,0,0.0,0.0,1.0,0.0,0.0,0.0,0.0,0.0,0.0,0.0,0.0,0,0,1,0,0,0,0,0,0,0,0
200,TheAquaman,0.0,0.0,0.0,0.0,0.0,0.0,0.0,0.0,0.0,0.0,-0.7906,-0.7906,-0.7906,14,0.0,0.0,0.0,0.0,0.0,0.0,0.0,0.0,0.0,1.0,0.0,0,0,0,0,0,0,0,0,0,1,0
201,TheDarkShepard,0.0,0.0,0.07379720358894135,0.0,0.0,0.041534383940757445,0.052430662804301816,0.0,0.07867343108498948,0.0,-0.8381,-0.8381,-0.8381,2,0.0,0.0,0.0,0.0,0.0,1.0,0.0,0.0,0.0,0.0,0.0,0,0,0,0,0,1,0,0,0,0,0
202,TheHoadinator,0.0,0.0,0.07205597142491844,0.0,0.0,0.0,0.0,0.0,0.051211430121721545,0.0,-0.5362,-0.5362,-0.5362,0,0.0,0.0,1.0,0.0,0.0,0.0,0.0,0.0,0.0,0.0,0.0,0,0,1,0,0,0,0,0,0,0,0
203,TheManWhoWasNotShort,0.13338319938581764,0.15157839136979,0.0,0.0,0.0,0.0,0.0,0.1152855455050693,0.0,0.0,0.5994,0.5994,0.5994,17,0.0,0.0,0.0,0.0,0.0,0.0,0.0,0.0,0.0,1.0,0.0,0,0,0,0,0,0,0,0,0,1,0
204,ThePoliticalHat,0.0,0.0,0.12838163423522808,0.0,0.0,0.11944258544468775,0.0,0.0,0.0,0.0,0.49915,0.3182,0.6801,16,0.0,0.0,0.0,0.0,0.0,0.0,1.0,0.0,0.0,0.0,0.0,0,0,0,0,0,0,2,0,0,0,0
205,ThePollitikat,0.0,0.0,0.0,0.0,0.0,0.0,0.0,0.0,0.0,0.0,-0.4019,-0.4019,-0.4019,14,0.0,0.0,0.0,0.0,0.0,0.0,0.0,0.0,0.0,1.0,0.0,0,0,0,0,0,0,0,0,0,1,0
206,TheRealBuzzLightyear,0.0,0.0,0.0,0.0,0.0,0.0,0.0,0.0,0.06092739277723047,0.0,-0.25,-0.25,-0.25,5,0.0,0.0,0.0,0.0,0.0,1.0,0.0,0.0,0.0,0.0,0.0,0,0,0,0,0,1,0,0,0,0,0
207,TheRollingTide,0.0,0.0,0.0,0.0,0.0,0.0,0.0,0.0,0.2288769583811337,0.07179237029402921,-0.6748,-0.7701,-0.6174,5,0.0,0.0,0.0,0.0,0.0,0.0,1.0,0.0,0.0,0.0,0.0,0,0,0,0,0,0,3,0,0,0,0
208,TheTopComesOff,0.08036902337384924,0.0913323966966145,0.0,0.0,0.0,0.0,0.0,0.06946442088679607,0.0,0.0,-0.4019,-0.4019,-0.4019,18,0.0,0.0,0.0,0.0,0.0,0.0,0.0,0.0,0.0,1.0,0.0,0,0,0,0,0,0,0,0,0,1,0
209,TheUnoriginalMan,0.0,0.0,0.0,0.0,0.0,0.0,0.0,0.0,0.039625516959227704,0.0,0.5574,0.5574,0.5574,1,0.0,0.0,0.0,0.0,0.0,1.0,0.0,0.0,0.0,0.0,0.0,0,0,0,0,0,1,0,0,0,0,0
210,The_seph_i_am,0.0,0.0,0.1569498074286777,0.0,0.0,0.05888943613167388,0.07433870147103364,0.0,0.03718231784174658,0.0,-0.06740000000000002,-0.7717,0.6369,15,0.0,0.0,0.0,0.0,0.0,0.0,1.0,0.0,0.0,0.0,0.0,0,0,0,0,0,0,2,0,0,0,0
211,Theepicman116,0.0,0.0,0.0,0.32156407550255406,0.3243170833528004,0.0,0.0,0.0,0.15755426353056828,0.0,0.6369,0.6369,0.6369,15,0.0,0.0,0.0,0.0,0.0,0.0,0.0,0.0,0.0,1.0,0.0,0,0,0,0,0,0,0,0,0,1,0
212,ThisPenguinFlies,0.0,0.0,0.0773373526386862,0.0,0.0,0.0,0.0,0.0,0.05496499945992502,0.0,-0.8658,-0.8658,-0.8658,2,0.0,0.0,1.0,0.0,0.0,0.0,0.0,0.0,0.0,0.0,0.0,0,0,1,0,0,0,0,0,0,0,0
213,TinyTrumpHands,0.0,0.0,0.0,0.06766566401548225,0.0682449703448215,0.0,0.0,0.0,0.11392389210885345,0.0,0.19025000000000003,-0.5719,0.9524,19,0.0,0.0,1.0,0.0,0.0,0.0,0.0,1.0,0.0,0.0,0.0,0,0,1,0,0,0,0,1,0,0,0
214,Tisn_Tuianous,0.0,0.0,0.0,0.0,0.0,0.0,0.0,0.0,0.05339992285152518,0.0,-0.2869,-0.2869,-0.2869,1,0.0,0.0,0.0,0.0,1.0,0.0,0.0,0.0,0.0,0.0,0.0,0,0,0,0,1,0,0,0,0,0,0
215,ToddGack,0.0,0.0,0.0,0.0,0.0,0.13031607797166914,0.0,0.0,0.05047496913129822,0.05439778370307248,-0.011150000000000049,-0.549,0.5267,3,0.0,0.0,1.0,0.0,0.0,0.0,0.0,1.0,0.0,0.0,0.0,0,0,1,0,0,0,0,1,0,0,0
216,Tolkienite_is_back,0.0,0.0,0.0,0.0,0.0,0.0,0.0,0.0,0.06431345345924552,0.0,-0.8432,-0.8432,-0.8432,11,0.0,0.0,0.0,0.0,0.0,0.0,0.0,1.0,0.0,0.0,0.0,0,0,0,0,0,0,0,1,0,0,0
217,ToniGrossmann,0.0,0.0,0.0,0.0,0.0,0.0748251028463161,0.0,0.0,0.0,0.0,0.8678,0.8678,0.8678,22,0.0,0.0,0.0,1.0,0.0,0.0,0.0,0.0,0.0,0.0,0.0,0,0,0,1,0,0,0,0,0,0,0
218,TonyInPortland,0.15805449297107413,0.17961516820438908,0.0,0.0,0.0,0.0,0.0,0.1366093970275155,0.0,0.0,-0.5106,-0.5106,-0.5106,5,0.0,0.0,0.0,0.0,0.0,0.0,0.0,0.0,0.0,0.0,1.0,0,0,0,0,0,0,0,0,0,0,1
219,TracyMorganFreeman,0.0,0.0,0.0,0.0,0.0,0.0,0.0,0.04163529321921181,0.0,0.0,0.8008,0.8008,0.8008,23,0.0,1.0,0.0,0.0,0.0,0.0,0.0,0.0,0.0,0.0,0.0,0,1,0,0,0,0,0,0,0,0,0
220,TurboThoughts,0.0,0.0,0.09605675348483654,0.0,0.0,0.10812491220032489,0.13649078846109855,0.0,0.0,0.0,0.2263,0.2263,0.2263,16,0.0,0.0,0.0,0.0,0.0,0.0,0.0,0.0,0.0,1.0,0.0,0,0,0,0,0,0,0,0,0,1,0
221,TurlessTiger,0.0,0.0,0.0,0.0,0.0,0.0,0.0,0.0,0.0,0.13669804949194647,0.059,-0.6399,0.7579,18,1.0,0.0,0.0,0.0,0.0,0.0,0.0,0.0,0.0,0.0,0.0,2,0,0,0,0,0,0,0,0,0,0
222,Valanarch,0.0,0.0,0.0,0.0,0.0,0.07352587008094513,0.0,0.0,0.0,0.27622684748858767,0.6966,0.6966,0.6966,3,0.0,0.0,0.0,0.0,0.0,1.0,0.0,0.0,0.0,0.0,0.0,0,0,0,0,0,1,0,0,0,0,0
223,Vayate,0.15786509662286174,0.17939993574688665,0.0,0.0,0.0,0.0,0.0,0.1364456982901867,0.0,0.0,-0.34,-0.34,-0.34,21,0.0,0.0,0.0,1.0,0.0,0.0,0.0,0.0,0.0,0.0,0.0,0,0,0,1,0,0,0,0,0,0,0
224,VegaThePunisher,0.11239886479561391,0.0,0.08099011902207165,0.0,0.0,0.0,0.0,0.09714840026165,0.05756108395777453,0.0,-0.3182,-0.3182,-0.3182,17,0.0,0.0,0.0,0.0,0.0,0.0,0.0,1.0,0.0,0.0,0.0,0,0,0,0,0,0,0,1,0,0,0
225,Veganpuncher,0.0,0.0,0.0,0.0,0.0,0.04078629068951235,0.0,0.0,0.0,0.0,0.887,0.887,0.887,20,0.0,0.0,0.0,0.0,0.0,0.0,0.0,0.0,0.0,0.0,1.0,0,0,0,0,0,0,0,0,0,0,1
226,Viriathus552,0.18907888254278238,0.21487168541317667,0.0,0.0,0.0,0.0,0.0,0.16342434592816743,0.0,0.0,0.5848,0.5848,0.5848,21,0.0,0.0,0.0,1.0,0.0,0.0,0.0,0.0,0.0,0.0,0.0,0,0,0,1,0,0,0,0,0,0,0
227,Vunks,0.0,0.0,0.0,0.0,0.0,0.08799364891629702,0.0,0.0,0.0,0.0,-0.34,-0.34,-0.34,17,0.0,0.0,0.0,0.0,0.0,0.0,1.0,0.0,0.0,0.0,0.0,0,0,0,0,0,0,1,0,0,0,0
228,WallOfTRUMP,0.0,0.0,0.0,0.362063414414518,0.36516314942257944,0.0,0.0,0.0,0.1773974114499281,0.0,-0.4215,-0.4215,-0.4215,17,1.0,0.0,0.0,0.0,0.0,0.0,1.0,0.0,0.0,0.0,0.0,1,0,0,0,0,0,1,0,0,0,0
229,Walruspower88,0.0,0.0,0.0,0.3376992520023506,0.3405903980059327,0.0,0.0,0.0,0.16545989119245236,0.0,-0.5703666666666667,-0.7717,-0.34,19,0.0,0.0,1.0,0.0,0.0,0.0,0.0,0.0,0.0,0.0,1.0,0,0,1,0,0,0,0,0,0,0,2
230,WanktheMank,0.0,0.0,0.0,0.0,0.0,0.14071582306353672,0.0,0.0,0.0,0.0,0.8591,0.8591,0.8591,22,0.0,0.0,0.0,1.0,0.0,0.0,0.0,0.0,0.0,0.0,0.0,0,0,0,1,0,0,0,0,0,0,0
231,Warren4Prez,0.0,0.0,0.035052409735712706,0.0,0.0,0.0,0.0,0.03888725751052474,0.0,0.0,0.6997,0.4179,0.9815,2,0.0,0.0,0.0,0.0,0.0,0.0,0.0,1.0,0.0,0.0,0.0,0,0,0,0,0,0,0,2,0,0,0
232,WhereIsMyVC,0.0,0.0,0.0,0.0,0.0,0.0,0.0,0.0,0.0935924160269187,0.0,0.2023,0.2023,0.2023,7,0.0,0.0,0.0,0.0,0.0,0.0,1.0,0.0,0.0,0.0,0.0,0,0,0,0,0,0,1,0,0,0,0
233,WordSalad11,0.0,0.0,0.05283720047046822,0.0,0.0,0.059475439826125236,0.03753921973549618,0.0,0.0,0.0744804208735478,0.8779,0.8779,0.8779,19,0.0,0.0,0.0,0.0,1.0,0.0,0.0,0.0,0.0,0.0,0.0,0,0,0,0,1,0,0,0,0,0,0
234,Yosoff,0.0,0.0,0.0,0.0,0.0,0.11934613448673535,0.0,0.0,0.439166679996407,0.0,0.0502,-0.8316,0.6249,13,1.0,0.0,0.0,0.0,0.0,0.0,1.0,0.0,0.0,0.0,0.0,3,0,0,0,0,0,4,0,0,0,0
235,You_Me2000,0.0,0.0,0.0,0.0,0.0,0.0,0.0,0.0,0.05408185226245959,0.0,0.4588,0.4588,0.4588,17,0.0,0.0,0.0,0.0,0.0,0.0,0.0,0.0,0.0,0.0,1.0,0,0,0,0,0,0,0,0,0,0,1
236,Zennistrad,0.0,0.0,0.0,0.0916279670961335,0.09241242198999419,0.0,0.0,0.0,0.04489424651081645,0.0,-0.5463,-0.5463,-0.5463,1,0.0,0.0,0.0,0.0,0.0,0.0,0.0,0.0,0.0,0.0,1.0,0,0,0,0,0,0,0,0,0,0,1
237,Ziapolitics,0.33206818692448153,0.21933483476332236,0.33811328708527744,0.0,0.0,0.21294080091181494,0.1976136768629291,0.40557002933396236,0.06371761258018359,0.19699980650491533,0.10607499999999997,-0.5994,0.8481,22,0.0,0.0,0.0,0.0,0.0,0.0,0.0,1.0,0.0,0.0,0.0,0,0,0,0,0,0,0,4,0,0,0
238,Zifnab25,0.0,0.0,0.0,0.0,0.0,0.1578527752638353,0.0,0.0,0.09966697675518879,0.0,-0.4404,-0.4404,-0.4404,18,0.0,0.0,0.0,1.0,0.0,0.0,0.0,0.0,0.0,0.0,0.0,0,0,0,1,0,0,0,0,0,0,0
239,ZimZimA1,0.0,0.0,0.0,0.05231749868268752,0.05276540470065173,0.0,0.0,0.0,0.025633600276492446,0.0,-0.6103000000000001,-0.9474,-0.2732,13,0.0,0.0,0.0,0.0,0.0,1.0,0.0,0.0,0.0,0.0,0.0,0,0,0,0,0,2,0,0,0,0,0
240,Zlibservacratican,0.0,0.0,0.0,0.0,0.0,0.04009674614203286,0.0,0.0,0.0,0.05021270186566309,0.8979,0.8979,0.8979,19,0.0,0.0,0.0,0.0,0.0,0.0,0.0,0.0,0.0,1.0,0.0,0,0,0,0,0,0,0,0,0,1,0
241,ZmajLee,0.0,0.0,0.0,0.0,0.0,0.0,0.0,0.0,0.054722364346279175,0.0,-0.4215,-0.4215,-0.4215,8,0.0,0.0,0.0,0.0,0.0,0.0,0.0,0.0,0.0,0.0,1.0,0,0,0,0,0,0,0,0,0,0,1
242,ZombieLincoln666,0.0,0.0,0.0,0.0,0.0,0.10795107527939767,0.0,0.0,0.03407972172990464,0.0,-0.5578,-0.5578,-0.5578,19,0.0,0.0,0.0,0.0,0.0,0.0,0.0,1.0,0.0,0.0,0.0,0,0,0,0,0,0,0,1,0,0,0
243,_CANT_STUMP_TRUMP,0.0,0.0,0.0,0.1256563149731145,0.1267320969024652,0.0,0.0,0.0,0.06156685299069401,0.0,0.7003,0.7003,0.7003,18,0.0,0.0,0.0,0.0,0.0,0.0,1.0,0.0,0.0,0.0,0.0,0,0,0,0,0,0,1,0,0,0,0
244,_Discofunk_,0.0,0.0,0.0,0.0,0.0,0.05840339623949355,0.0,0.06223631288115882,0.0,0.0,-0.2263,-0.2263,-0.2263,20,0.0,0.0,0.0,0.0,0.0,0.0,0.0,1.0,0.0,0.0,0.0,0,0,0,0,0,0,0,1,0,0,0
245,aahdin,0.0,0.0,0.04643351998161517,0.0,0.0,0.0,0.0,0.0,0.0,0.0,0.2777,0.2777,0.2777,7,0.0,0.0,0.0,0.0,1.0,0.0,0.0,0.0,0.0,0.0,0.0,0,0,0,0,1,0,0,0,0,0,0
246,aboutaprettysunset,0.0,0.0,0.0,0.0,0.0,0.0,0.0,0.0,0.027405910116948685,0.10871253462278556,-0.4012,-0.4012,-0.4012,22,0.0,0.0,0.0,0.0,0.0,1.0,0.0,0.0,0.0,0.0,0.0,0,0,0,0,0,1,0,0,0,0,0
247,academia666,0.0,0.0,0.0,0.0,0.0,0.0,0.0,0.0,0.0766288388166399,0.0,-0.2263,-0.2263,-0.2263,0,0.0,0.0,0.0,0.0,0.0,0.0,0.0,0.0,0.0,1.0,0.0,0,0,0,0,0,0,0,0,0,1,0
248,ahemexcuseme,0.0,0.0,0.0,0.0,0.0,0.0,0.0,0.04624887740286458,0.0,0.05435004431460482,-0.3563,-0.3563,-0.3563,13,0.0,0.0,0.0,0.0,0.0,0.0,1.0,0.0,0.0,0.0,0.0,0,0,0,0,0,0,1,0,0,0,0
249,ajl_mo,0.061467262848468665,0.0,0.0,0.0,0.0,0.04985535924795665,0.0,0.0,0.0,0.0,0.7497,0.7497,0.7497,3,0.0,0.0,1.0,0.0,0.0,0.0,0.0,0.0,0.0,0.0,0.0,0,0,1,0,0,0,0,0,0,0,0
250,ajustin118,0.0,0.0,0.0741117302635788,0.0,0.0,0.0,0.0,0.08889770903741323,0.026336246812992275,0.0,-0.9371,-0.9371,-0.9371,1,0.0,0.0,0.0,0.0,0.0,1.0,0.0,0.0,0.0,0.0,0.0,0,0,0,0,0,1,0,0,0,0,0
251,akirby1,0.0,0.0,0.0,0.13755388775886015,0.13873152842733413,0.0,0.0,0.0,0.06739621472872372,0.0,-0.4404,-0.4404,-0.4404,10,0.0,0.0,0.0,0.0,0.0,0.0,0.0,0.0,0.0,0.0,1.0,0,0,0,0,0,0,0,0,0,0,1
252,alllie,0.0,0.0,0.0,0.0,0.0,0.0,0.0,0.0,0.06216201551190789,0.0,-0.4588,-0.4588,-0.4588,10,0.0,0.0,0.0,0.0,0.0,0.0,0.0,0.0,0.0,0.0,1.0,0,0,0,0,0,0,0,0,0,0,1
253,amsxk6,0.0,0.0,0.0,0.0,0.0,0.0,0.0,0.0,0.054788678881264034,0.0,-0.5739,-0.5739,-0.5739,17,0.0,0.0,0.0,0.0,0.0,0.0,0.0,1.0,0.0,0.0,0.0,0,0,0,0,0,0,0,1,0,0,0
254,anotherswingingdick,0.0,0.0,0.0,0.0,0.0,0.0,0.0,0.0,0.056376966484249495,0.0,-0.4404,-0.4404,-0.4404,11,0.0,0.0,0.0,0.0,1.0,0.0,0.0,0.0,0.0,0.0,0.0,0,0,0,0,1,0,0,0,0,0,0
255,anti-scienceWatchDog,0.0,0.0,0.0,0.0,0.0,0.0,0.0,0.0,0.06667958607998774,0.0,-0.2263,-0.2263,-0.2263,13,0.0,0.0,1.0,0.0,0.0,0.0,0.0,0.0,0.0,0.0,0.0,0,0,1,0,0,0,0,0,0,0,0
256,anutensil,0.14223508434657597,0.16163778782391985,0.10248890352487897,0.1486658224074839,0.14993859572804683,0.11536516999696894,0.14563048138861423,0.12293639202208315,0.1219449912486611,0.0,-0.4653666666666667,-0.6124,-0.3818,13,0.0,0.0,0.0,0.0,0.0,0.0,0.0,1.0,0.0,0.0,0.0,0,0,0,0,0,0,0,3,0,0,0
257,arkcrysta,0.0,0.0,0.0,0.0,0.0,0.0,0.0,0.0,0.025055207610911654,0.09938787339150688,-0.5549,-0.5549,-0.5549,20,0.0,0.0,0.0,0.0,0.0,1.0,0.0,0.0,0.0,0.0,0.0,0,0,0,0,0,1,0,0,0,0,0
258,artyfoul,0.0,0.0,0.08090900519414537,0.0,0.0,0.0,0.0,0.0,0.03281343681669105,0.16302061128576487,0.8622000000000001,0.7722,0.9522,21,0.0,0.0,0.0,0.0,0.0,0.0,1.0,0.0,0.0,0.0,0.0,0,0,0,0,0,0,2,0,0,0,0
259,ash_poke_master,0.0,0.0,0.0,0.1390952593197026,0.14028609613889867,0.0,0.0,0.0,0.06815142863349824,0.0,-0.34,-0.34,-0.34,21,0.0,0.0,1.0,0.0,0.0,0.0,0.0,0.0,0.0,0.0,0.0,0,0,1,0,0,0,0,0,0,0,0
260,ashketchem,0.0,0.0,0.0,0.0,0.0,0.0,0.0,0.07618895609181693,0.0451424715841408,0.0,-0.4404,-0.4404,-0.4404,23,0.0,0.0,0.0,0.0,0.0,1.0,0.0,0.0,0.0,0.0,0.0,0,0,0,0,0,1,0,0,0,0,0
261,assspelunkers,0.0,0.0,0.0,0.0,0.0,0.0,0.0,0.0,0.0,0.0,-0.4019,-0.4019,-0.4019,20,0.0,0.0,0.0,0.0,0.0,0.0,0.0,1.0,0.0,0.0,0.0,0,0,0,0,0,0,0,1,0,0,0
262,autotldr,0.1300004940253898,0.14773424128662643,0.13003287424620966,0.0,0.0,0.03514728020358519,0.044367943424199044,0.27039074954844544,0.022191710935736644,0.0,-0.003249999999999975,-0.6059,0.5994,17,0.0,0.0,0.0,0.0,0.0,0.0,0.0,1.0,0.0,0.0,1.0,0,0,0,0,0,0,0,1,0,0,1
263,awake-at-dawn,0.0,0.0,0.0875197856977161,0.0,0.0,0.09851539637814885,0.0,0.0,0.0,0.0,0.4939,0.4939,0.4939,20,0.0,0.0,0.0,0.0,0.0,0.0,0.0,0.0,0.0,1.0,0.0,0,0,0,0,0,0,0,0,0,1,0
264,backpackwayne,0.0,0.0,0.0,0.0,0.0,0.0,0.0,0.0,0.11605834885881584,0.23018752551433405,0.4404,0.4404,0.4404,2,0.0,0.0,0.0,0.0,0.0,0.0,0.0,1.0,0.0,0.0,0.0,0,0,0,0,0,0,0,1,0,0,0
265,bacondev,0.0,0.0,0.10059086595245478,0.0,0.0,0.0,0.0,0.0,0.0,0.14179498469758858,0.2732,0.2732,0.2732,15,0.0,0.0,0.0,0.0,1.0,0.0,0.0,0.0,0.0,0.0,0.0,0,0,0,0,1,0,0,0,0,0,0
266,bakgwailo,0.0,0.0,0.0,0.0,0.0,0.0,0.0,0.0,0.0,0.0,-0.3871,-0.3871,-0.3871,19,0.0,0.0,0.0,0.0,0.0,0.0,0.0,0.0,0.0,1.0,0.0,0,0,0,0,0,0,0,0,0,1,0
267,beauseph,0.0,0.0,0.10277356313760745,0.0,0.0,0.05784279651155681,0.07301748266884187,0.0,0.0,0.07243588010914262,0.6705,0.6705,0.6705,21,0.0,0.0,0.0,0.0,0.0,0.0,0.0,1.0,0.0,0.0,0.0,0,0,0,0,0,0,0,1,0,0,0
268,beetotherye,0.15006210220963856,0.0,0.05406436951458949,0.0,0.0,0.06085678512811397,0.0,0.0,0.07684897245070944,0.0,-0.5085,-0.5085,-0.5085,3,0.0,0.0,0.0,0.0,0.0,0.0,0.0,1.0,0.0,0.0,0.0,0,0,0,0,0,0,0,1,0,0,0
269,bheal,0.0,0.0,0.0,0.0,0.0,0.0,0.0,0.04246523883811185,0.02516094111137336,0.1497109384457429,-0.2575,-0.2575,-0.2575,7,0.0,0.0,0.0,0.0,1.0,0.0,0.0,0.0,0.0,0.0,0.0,0,0,0,0,1,0,0,0,0,0,0
270,bigsum45,0.0,0.0,0.06834572071005283,0.0,0.0,0.0,0.0,0.08198132700486205,0.0,0.0,0.34,0.34,0.34,20,0.0,0.0,0.0,0.0,0.0,1.0,0.0,0.0,0.0,0.0,0.0,0,0,0,0,0,1,0,0,0,0,0
271,bkdotcom,0.0,0.0,0.0,0.0,0.0,0.0,0.0,0.19797658631524775,0.0,0.0,-0.4019,-0.4019,-0.4019,2,0.0,0.0,0.0,0.0,0.0,0.0,0.0,0.0,0.0,1.0,0.0,0,0,0,0,0,0,0,0,0,1,0
272,bluecamel2015,0.0,0.0,0.034685757620256656,0.0,0.0,0.07808705502178012,0.0,0.0,0.0,0.04889376808142027,-0.8965,-0.8965,-0.8965,4,0.0,0.0,0.0,0.0,0.0,1.0,0.0,0.0,0.0,0.0,0.0,0,0,0,0,0,1,0,0,0,0,0
273,bobbelcher,0.0,0.0,0.15808322859332807,0.20337243457992848,0.20511356784566173,0.08691971610362324,0.1097225453632575,0.0,0.22729953852659984,0.0,-0.450625,-0.8143,0.3818,18,0.0,0.0,0.0,0.0,0.0,0.0,0.0,0.0,0.0,0.0,1.0,0,0,0,0,0,0,0,0,0,0,4
274,bokono,0.1425282335899888,0.05399030880407694,0.22584884413912212,0.46488721392820453,0.4688672547565319,0.10577701265346737,0.13352693254800144,0.041063255429861195,0.25194524860074186,0.0,0.2625125,-0.5994,0.9074,3,0.0,0.0,1.0,0.0,0.0,0.0,0.0,1.0,0.0,0.0,0.0,0,0,3,0,0,0,0,5,0,0,0
275,boreddemocrat,0.0,0.0,0.0,0.0,0.0,0.15337168714445681,0.0,0.0,0.09683765364265198,0.0,-0.2023,-0.2023,-0.2023,23,0.0,0.0,0.0,0.0,0.0,1.0,0.0,0.0,0.0,0.0,0.0,0,0,0,0,0,1,0,0,0,0,0
276,brownears,0.0,0.0,0.06889755934494696,0.0,0.0,0.0,0.0,0.0,0.0,0.0,0.5638,0.5638,0.5638,19,0.0,0.0,0.0,0.0,0.0,0.0,0.0,1.0,0.0,0.0,0.0,0,0,0,0,0,0,0,1,0,0,0
277,bunky_bunk,0.04720422762484278,0.0,0.03401347531963833,0.0,0.0,0.0,0.0,0.08159895934321239,0.0,0.0,0.9006,0.9006,0.9006,7,0.0,0.0,0.0,0.0,0.0,1.0,0.0,0.0,0.0,0.0,0.0,0,0,0,0,0,1,0,0,0,0,0
278,butt4nice,0.0,0.0,0.0,0.0,0.0,0.0,0.0,0.0,0.0669450237378089,0.0,0.3724,0.3724,0.3724,20,0.0,0.0,0.0,0.0,0.0,1.0,0.0,0.0,0.0,0.0,0.0,0,0,0,0,0,1,0,0,0,0,0
279,casualLogic,0.0,0.0,0.0,0.0,0.0,0.0,0.0,0.0,0.028509145766681076,0.0,0.9297,0.9297,0.9297,16,0.0,0.0,0.0,0.0,0.0,0.0,0.0,0.0,0.0,0.0,1.0,0,0,0,0,0,0,0,0,0,0,1
280,cavitor,0.0,0.0,0.0,0.0,0.0,0.0,0.0,0.0,0.0,0.0,-0.4588,-0.4588,-0.4588,0,0.0,0.0,0.0,0.0,0.0,0.0,1.0,0.0,0.0,0.0,0.0,0,0,0,0,0,0,1,0,0,0,0
281,chabanais,0.0,0.0,0.0,0.2848884530593695,0.28732746975142764,0.0,0.0,0.0,0.2704949902414946,0.10153954610896,-0.461075,-0.8957,0.25,2,1.0,0.0,0.0,0.0,0.0,0.0,0.0,0.0,0.0,0.0,0.0,4,0,0,0,0,0,0,0,0,0,0
282,chainsawx72,0.0,0.0,0.0,0.05348359173184795,0.05394148102705928,0.0,0.0,0.0,0.0524098837415933,0.0,-0.3164,-0.3164,-0.3164,17,0.0,0.0,0.0,0.0,0.0,0.0,1.0,0.0,0.0,0.0,0.0,0,0,0,0,0,0,1,0,0,0,0
283,charonn0,0.0,0.0,0.0,0.0,0.0,0.0,0.0,0.0,0.0,0.05455058135007938,-0.25,-0.25,-0.25,20,0.0,0.0,0.0,0.0,1.0,0.0,0.0,0.0,0.0,0.0,0.0,0,0,0,0,1,0,0,0,0,0,0
284,chatpal91,0.0,0.0,0.036830824862684325,0.0,0.0,0.0,0.0,0.0,0.0,0.05191749964924567,0.4902,0.4902,0.4902,0,0.0,0.0,0.0,0.0,0.0,0.0,0.0,0.0,0.0,1.0,0.0,0,0,0,0,0,0,0,0,0,1,0
285,chipkellysbigballs,0.0,0.0,0.0,0.0,0.0,0.0,0.0,0.0,0.10695689471541202,0.0,0.6249,0.6249,0.6249,17,1.0,0.0,0.0,0.0,0.0,0.0,0.0,0.0,0.0,0.0,0.0,1,0,0,0,0,0,0,0,0,0,0
286,cicadaselectric,0.0,0.0,0.0,0.0,0.0,0.0,0.0,0.0,0.08270262963182247,0.0,-0.3532,-0.3532,-0.3532,18,0.0,0.0,0.0,0.0,0.0,1.0,0.0,0.0,0.0,0.0,0.0,0,0,0,0,0,1,0,0,0,0,0
287,coldaxe,0.0,0.0,0.0,0.0,0.0,0.0,0.0,0.0,0.12226469945472512,0.0,-0.5423,-0.5423,-0.5423,3,0.0,0.0,0.0,0.0,0.0,1.0,0.0,0.0,0.0,0.0,0.0,0,0,0,0,0,1,0,0,0,0,0
288,collin_ph,0.0,0.0,0.0,0.0,0.0,0.0,0.0,0.0,0.03231071796561966,0.06408435316570998,-0.943,-0.943,-0.943,17,0.0,0.0,0.0,0.0,0.0,0.0,1.0,0.0,0.0,0.0,0.0,0,0,0,0,0,0,1,0,0,0,0
289,conantheking,0.0,0.0,0.08554767781439626,0.0,0.0,0.0,0.0,0.0,0.0,0.0,0.4215,0.4215,0.4215,23,0.0,0.0,0.0,0.0,0.0,0.0,0.0,0.0,0.0,0.0,1.0,0,0,0,0,0,0,0,0,0,0,1
290,cookster123,0.0,0.0,0.0,0.1513163962592402,0.15261186194868837,0.0,0.0,0.0,0.07413932459795208,0.0,0.25,0.25,0.25,3,0.0,0.0,0.0,0.0,0.0,0.0,0.0,0.0,0.0,1.0,0.0,0,0,0,0,0,0,0,0,0,1,0
291,cos,0.0,0.0,0.0,0.0,0.0,0.0,0.0,0.0,0.0527730918275965,0.0,-0.4019,-0.4019,-0.4019,0,0.0,0.0,0.0,0.0,0.0,0.0,0.0,0.0,0.0,0.0,1.0,0,0,0,0,0,0,0,0,0,0,1
292,crimeanchocolate,0.0,0.0,0.4944386271517691,0.0,0.0,0.21890571972713047,0.2763342293295339,0.2727136196632155,0.0,0.16895898534786125,0.45618,0.2023,0.7096,14,0.0,0.0,1.0,0.0,0.0,0.0,0.0,1.0,0.0,0.0,1.0,0,0,1,0,0,0,0,1,0,0,3
293,cspan1,0.0,0.0,0.05652378844436311,0.0,0.0,0.0,0.0,0.13560161882467014,0.0,0.0,-0.2023,-0.2023,-0.2023,23,0.0,0.0,0.0,0.0,0.0,0.0,0.0,1.0,0.0,0.0,0.0,0,0,0,0,0,0,0,1,0,0,0
294,cyanocittaetprocyon,0.0,0.0,0.0,0.0,0.0,0.0,0.0,0.0,0.06336658290720079,0.0,-0.7964,-0.7964,-0.7964,1,0.0,0.0,0.0,0.0,0.0,0.0,0.0,0.0,0.0,1.0,0.0,0,0,0,0,0,0,0,0,0,1,0
295,dadankness,0.0,0.0,0.0,0.0,0.0,0.0,0.0,0.0,0.05942928066758212,0.0,-0.4404,-0.4404,-0.4404,3,0.0,0.0,0.0,0.0,1.0,0.0,0.0,0.0,0.0,0.0,0.0,0,0,0,0,1,0,0,0,0,0,0
296,darkflash26,0.0,0.0,0.0,0.0,0.0,0.0,0.0,0.0,0.08068862207895071,0.0,-0.9379,-0.9379,-0.9379,20,0.0,0.0,1.0,0.0,0.0,0.0,0.0,0.0,0.0,0.0,0.0,0,0,1,0,0,0,0,0,0,0,0
297,davidreiss666,0.0,0.0,0.0,0.0,0.0,0.0,0.0,0.0,0.06279688662913202,0.0,-0.6486,-0.6486,-0.6486,20,0.0,0.0,1.0,0.0,0.0,0.0,0.0,0.0,0.0,0.0,0.0,0,0,1,0,0,0,0,0,0,0,0
298,deTokeville,0.046518170370815196,0.05286384992069496,0.0,0.0,0.0,0.0,0.0,0.12061952341354781,0.0,0.0,0.6907,0.6907,0.6907,14,0.0,0.0,0.0,0.0,1.0,0.0,0.0,0.0,0.0,0.0,0.0,0,0,0,0,1,0,0,0,0,0,0
299,dean0_0,0.09899015101153319,0.0,0.0,0.0,0.0,0.08028972353715953,0.0,0.0,0.0,0.0,0.3182,0.3182,0.3182,14,0.0,0.0,0.0,0.0,0.0,0.0,1.0,0.0,0.0,0.0,0.0,0,0,0,0,0,0,1,0,0,0,0
300,der_triad,0.06912543141912551,0.07855503350872452,0.0,0.0,0.0,0.0,0.0,0.059746378150489075,0.0,0.0,0.3067,0.3067,0.3067,8,0.0,0.0,0.0,0.0,0.0,1.0,0.0,0.0,0.0,0.0,0.0,0,0,0,0,0,1,0,0,0,0,0
301,derrick81787,0.0,0.0,0.0,0.0,0.0,0.0,0.0,0.0,0.10330186425088105,0.05122165002936302,-0.7368,-0.7368,-0.7368,18,0.0,0.0,0.0,0.0,0.0,1.0,0.0,0.0,0.0,0.0,0.0,0,0,0,0,0,1,0,0,0,0,0
302,djn24,0.0,0.0,0.0,0.0,0.0,0.0,0.0,0.0,0.08985246572263378,0.0,-0.3818,-0.3818,-0.3818,23,0.0,0.0,0.0,0.0,0.0,0.0,0.0,0.0,0.0,1.0,0.0,0,0,0,0,0,0,0,0,0,1,0
303,djphan,0.0,0.0,0.0,0.0,0.0,0.0,0.0,0.0,0.0,0.0,-0.296,-0.296,-0.296,15,0.0,0.0,0.0,0.0,0.0,1.0,0.0,0.0,0.0,0.0,0.0,0,0,0,0,0,1,0,0,0,0,0
304,djthomp,0.0,0.0,0.0,0.0,0.0,0.0,0.0,0.0,0.07268227585829673,0.0,-0.2057,-0.2057,-0.2057,15,0.0,0.0,0.0,0.0,1.0,0.0,0.0,0.0,0.0,0.0,0.0,0,0,0,0,1,0,0,0,0,0,0
305,dlsisnumerouno,0.0,0.0,0.0,0.0,0.0,0.0,0.0,0.0,0.026258255015078506,0.0,-0.296,-0.296,-0.296,22,0.0,0.0,0.0,0.0,0.0,0.0,0.0,0.0,1.0,0.0,0.0,0,0,0,0,0,0,0,0,1,0,0
306,doodadoodoo,0.0,0.0,0.0,0.0,0.0,0.0,0.0,0.0,0.038025535736829805,0.0754189945289132,0.6718,0.6718,0.6718,4,0.0,0.0,1.0,0.0,0.0,0.0,0.0,0.0,0.0,0.0,0.0,0,0,1,0,0,0,0,0,0,0,0
307,douloskerux,0.0,0.0,0.07421196741654293,0.0,0.0,0.08353564085833656,0.10545067971230461,0.0,0.0,0.0,-0.7633,-0.7633,-0.7633,5,0.0,0.0,0.0,1.0,0.0,0.0,0.0,0.0,0.0,0.0,0.0,0,0,0,1,0,0,0,0,0,0,0
308,dovakinda,0.0,0.0,0.0,0.07580172880525163,0.07645069045974293,0.0,0.0,0.0,0.03713998691424231,0.0,-0.3412,-0.3412,-0.3412,2,0.0,0.0,0.0,0.0,0.0,0.0,1.0,0.0,0.0,0.0,0.0,0,0,0,0,0,0,1,0,0,0,0
309,downvotethelogic,0.061498254353175026,0.0,0.0,0.0,0.0,0.0,0.0,0.0,0.03149414532359064,0.0,-0.4528,-0.4528,-0.4528,2,0.0,0.0,0.0,0.0,0.0,0.0,0.0,0.0,0.0,1.0,0.0,0,0,0,0,0,0,0,0,0,1,0
310,dr_beardfuhsay,0.0,0.0,0.0,0.0,0.0,0.0,0.0,0.0,0.0,0.0,0.7184,0.7184,0.7184,12,0.0,0.0,1.0,0.0,0.0,0.0,0.0,0.0,0.0,0.0,0.0,0,0,1,0,0,0,0,0,0,0,0
311,drenari,0.06876880124418082,0.0,0.0,0.0,0.0,0.0,0.0,0.0,0.035217497519123245,0.0,-0.902,-0.902,-0.902,2,0.0,0.0,0.0,0.0,0.0,1.0,0.0,0.0,0.0,0.0,0.0,0,0,0,0,0,1,0,0,0,0,0
312,drewiepoodle,0.0,0.0,0.09367694069436786,0.0,0.0,0.10544610993304591,0.13310921962416972,0.0,0.0,0.0,0.6124,0.6124,0.6124,15,0.0,0.0,0.0,0.0,0.0,0.0,0.0,0.0,0.0,1.0,0.0,0,0,0,0,0,0,0,0,0,1,0
313,drparton21,0.0,0.0,0.0,0.0,0.0,0.0,0.0,0.0,0.0267944708213201,0.05314355232925748,-0.3716,-0.3716,-0.3716,1,0.0,0.0,0.0,0.0,0.0,0.0,1.0,0.0,0.0,0.0,0.0,0,0,0,0,0,0,1,0,0,0,0
314,dwaxe,0.0,0.0,0.0,0.0,0.0,0.0,0.0,0.0,0.06473364304127509,0.0,0.3089,0.3089,0.3089,11,0.0,0.0,0.0,0.0,0.0,0.0,0.0,1.0,0.0,0.0,0.0,0,0,0,0,0,0,0,1,0,0,0
315,dynaschee,0.0,0.0,0.06837193374747676,0.0,0.0,0.07696189039513357,0.09715234803637478,0.0,0.0,0.0,-0.296,-0.296,-0.296,17,0.0,0.0,0.0,0.0,0.0,0.0,0.0,0.0,0.0,0.0,1.0,0,0,0,0,0,0,0,0,0,0,1
316,elitistasshole,0.0,0.0,0.0,0.09433817140566805,0.09514582918289892,0.0,0.0,0.0,0.04622214435928958,0.0,0.9437,0.9437,0.9437,4,1.0,0.0,0.0,0.0,0.0,0.0,0.0,0.0,0.0,0.0,0.0,1,0,0,0,0,0,0,0,0,0,0
317,emood123,0.0,0.0,0.12771234214309177,0.09262690751530862,0.09341991464191367,0.07187878665553439,0.09073572467799422,0.0,0.09076737924708009,0.0,0.296,0.296,0.296,19,0.0,0.0,0.0,0.0,0.0,0.0,0.0,0.0,0.0,1.0,0.0,0,0,0,0,0,0,0,0,0,1,0
318,emoposer,0.0,0.0,0.0,0.047922560152220156,0.04833283976475703,0.0,0.0,0.0,0.0704407386877621,0.046570193623504265,-0.9784,-0.9784,-0.9784,4,0.0,0.0,0.0,1.0,0.0,0.0,0.0,0.0,0.0,0.0,0.0,0,0,0,1,0,0,0,0,0,0,0
319,empfindsamkeit,0.0,0.0,0.0,0.05099782588295874,0.05143443378072177,0.03957448159360659,0.0,0.0,0.024987010399381192,0.0,-0.7717,-0.7717,-0.7717,13,0.0,0.0,0.0,0.0,0.0,0.0,0.0,0.0,0.0,1.0,0.0,0,0,0,0,0,0,0,0,0,1,0
320,empire_legal,0.0,0.0,0.0,0.0,0.0,0.0,0.0,0.0,0.0625100877839199,0.0,-0.4215,-0.4215,-0.4215,0,1.0,0.0,0.0,0.0,0.0,0.0,0.0,0.0,0.0,0.0,0.0,1,0,0,0,0,0,0,0,0,0,0
321,epic2522,0.0,0.0,0.05858751743004476,0.0,0.0,0.0,0.0,0.0,0.04163916599195687,0.0,0.9593,0.9593,0.9593,5,0.0,0.0,0.0,0.0,0.0,0.0,1.0,0.0,0.0,0.0,0.0,0,0,0,0,0,0,1,0,0,0,0
322,eternityablaze,0.0,0.0,0.0,0.0,0.0,0.0,0.0,0.14284732742870998,0.08463800726643105,0.0,-0.5542,-0.5542,-0.5542,22,0.0,0.0,0.0,1.0,0.0,0.0,0.0,0.0,0.0,0.0,0.0,0,0,0,1,0,0,0,0,0,0,0
323,evanb_,0.0,0.0,0.0,0.0,0.0,0.0,0.0,0.0,0.06928866343388307,0.13742558065722077,0.4588,0.4588,0.4588,3,0.0,0.0,0.0,0.0,0.0,0.0,1.0,0.0,0.0,0.0,0.0,0,0,0,0,0,0,1,0,0,0,0
324,every1wins,0.044685613150543965,0.050781308215136337,0.0,0.0,0.0,0.0,0.0,0.03862259498955098,0.0,0.0,0.8625,0.8625,0.8625,3,0.0,0.0,0.0,0.0,0.0,0.0,0.0,0.0,0.0,1.0,0.0,0,0,0,0,0,0,0,0,0,1,0
325,extraextracheese,0.048987916528210725,0.05567050136820507,0.0705974601696853,0.0,0.0,0.039733511208132545,0.050157342676756526,0.08468230940803287,0.0,0.04975782686462128,0.3716,0.3716,0.3716,15,0.0,0.0,0.0,0.0,1.0,0.0,0.0,0.0,0.0,0.0,0.0,0,0,0,0,1,0,0,0,0,0,0
326,felesroo,0.0,0.0,0.0,0.0,0.0,0.0,0.0,0.0,0.04419715683704267,0.0,-0.2189,-0.2189,-0.2189,7,0.0,0.0,0.0,0.0,1.0,0.0,0.0,0.0,0.0,0.0,0.0,0,0,0,0,1,0,0,0,0,0,0
327,fellinsoccer14,0.0,0.0,0.0,0.0,0.0,0.046620384126064375,0.0,0.0,0.11774294707823146,0.0,-0.8715,-0.8715,-0.8715,21,0.0,0.0,0.0,0.0,0.0,0.0,1.0,0.0,0.0,0.0,0.0,0,0,0,0,0,0,1,0,0,0,0
328,fenixdragoon,0.0,0.0,0.11000249319423082,0.1595646997396569,0.16093078166382377,0.12382273486185043,0.15630683407530888,0.0,0.07818068207298307,0.0,-0.6808,-0.6808,-0.6808,13,0.0,0.0,0.0,0.0,0.0,0.0,0.0,0.0,0.0,1.0,0.0,0,0,0,0,0,0,0,0,0,1,0
329,fidelitypdx,0.0,0.0,0.0,0.0,0.0,0.0,0.0,0.03832938255847675,0.022710418303913994,0.09008666837286833,-0.4767,-0.4767,-0.4767,20,0.0,0.0,0.0,0.0,1.0,0.0,0.0,0.0,0.0,0.0,0.0,0,0,0,0,1,0,0,0,0,0,0
330,flowlowland,0.0,0.0,0.0,0.05533152620652399,0.0558052362308002,0.0,0.0,0.0,0.02711036003591758,0.0,0.5859,0.5859,0.5859,17,0.0,0.0,0.0,0.0,1.0,0.0,0.0,0.0,0.0,0.0,0.0,0,0,0,0,1,0,0,0,0,0,0
331,forevergeeks,0.0,0.0,0.0,0.0,0.0,0.0,0.0,0.0,0.08114198995020822,0.0,0.5803,0.5803,0.5803,13,0.0,0.0,0.0,0.0,0.0,0.0,0.0,0.0,1.0,0.0,0.0,0,0,0,0,0,0,0,0,1,0,0
332,forjusticenotjustus,0.1269631136838761,0.0,0.0,0.0,0.0,0.10297825786635785,0.0,0.0,0.0,0.0,0.8442,0.8442,0.8442,23,0.0,0.0,0.0,0.0,0.0,0.0,1.0,0.0,0.0,0.0,0.0,0,0,0,0,0,0,1,0,0,0,0
333,foxn4wsreddit,0.0,0.0,0.2093595857927317,0.0,0.0,0.1178313133168141,0.0,0.0,0.0,0.0,0.5719,0.5719,0.5719,21,0.0,0.0,0.0,0.0,0.0,0.0,0.0,0.0,0.0,1.0,0.0,0,0,0,0,0,0,0,0,0,1,0
334,gAlienLifeform,0.31788665920695147,0.36125050727812835,0.0,0.0,0.0,0.0,0.0,0.2747552696607017,0.0,0.0,-0.5570999999999999,-0.5719,-0.5423,14,0.0,0.0,0.0,0.0,0.0,0.0,0.0,1.0,0.0,0.0,0.0,0,0,0,0,0,0,0,2,0,0,0
335,garfangle,0.0,0.0,0.14072768576292258,0.0,0.0,0.0,0.0,0.05626805553348353,0.0,0.0,0.22164999999999999,-0.3182,0.7615,23,0.0,0.0,0.0,0.0,0.0,1.0,0.0,0.0,0.0,0.0,0.0,0,0,0,0,0,2,0,0,0,0,0
336,georgiapeanuts,0.1675900846269192,0.19045153778172488,0.12068989598353268,0.0,0.0,0.0,0.0,0.28961983536555513,0.0,0.0,0.6452,0.6199,0.6705,17,0.0,0.0,0.0,0.0,0.0,0.0,0.0,0.0,0.0,1.0,0.0,0,0,0,0,0,0,0,0,0,2,0
337,ghost_swj,0.0,0.0,0.0,0.0,0.0,0.0,0.0,0.0,0.06110628378868735,0.0,-0.8573,-0.8573,-0.8573,18,0.0,0.0,0.0,1.0,0.0,0.0,0.0,0.0,0.0,0.0,0.0,0,0,0,1,0,0,0,0,0,0,0
338,ghoti_styx,0.0,0.0,0.03448045605420382,0.0,0.0,0.11643729820859954,0.048994625183532425,0.0,0.0,0.0,0.631,0.631,0.631,20,0.0,0.0,0.0,0.0,1.0,0.0,0.0,0.0,0.0,0.0,0.0,0,0,0,0,1,0,0,0,0,0,0
339,giggity_giggity,0.0,0.0,0.0,0.0,0.0,0.0,0.0,0.06052355791356822,0.0,0.07112514377432738,0.34,0.34,0.34,20,0.0,0.0,0.0,0.0,0.0,0.0,0.0,0.0,0.0,1.0,0.0,0,0,0,0,0,0,0,0,0,1,0
340,gizayabasu,0.0,0.0,0.0,0.0,0.0,0.0,0.0,0.0,0.06365596779629866,0.0,0.2263,0.2263,0.2263,22,1.0,0.0,0.0,0.0,0.0,0.0,0.0,0.0,0.0,0.0,0.0,1,0,0,0,0,0,0,0,0,0,0
341,gloomdoom,0.0,0.0,0.0,0.0,0.0,0.0,0.0,0.0,0.05309293690837627,0.0,0.33735,-0.2903,0.965,4,0.0,0.0,1.0,0.0,0.0,0.0,0.0,1.0,0.0,0.0,0.0,0,0,1,0,0,0,0,1,0,0,0
342,gprime,0.0,0.0,0.0,0.0,0.0,0.0,0.0,0.0,0.0,0.0,0.6701,0.6701,0.6701,22,1.0,0.0,0.0,0.0,0.0,0.0,0.0,0.0,0.0,0.0,0.0,1,0,0,0,0,0,0,0,0,0,0
343,growyurown,0.0,0.0,0.0,0.0,0.0,0.1278936458720245,0.0,0.0,0.02691700754908795,0.05338658892616631,-0.9081,-0.9081,-0.9081,14,0.0,0.0,0.0,0.0,0.0,0.0,0.0,0.0,0.0,1.0,0.0,0,0,0,0,0,0,0,0,0,1,0
344,happy-tomato,0.0,0.0,0.09345803185019272,0.0,0.0,0.0,0.0,0.0,0.0,0.0,0.34,0.34,0.34,19,0.0,0.0,1.0,0.0,0.0,0.0,0.0,0.0,0.0,0.0,0.0,0,0,1,0,0,0,0,0,0,0,0
345,hapytwo2,0.0,0.0,0.0,0.0,0.0,0.041605171464168235,0.0,0.0,0.07880751510926871,0.0,0.68,0.68,0.68,17,0.0,0.0,0.0,0.0,0.0,1.0,0.0,0.0,0.0,0.0,0.0,0,0,0,0,0,1,0,0,0,0,0
346,headyasphuck,0.0,0.0,0.0,0.0,0.0,0.0,0.0,0.0,0.04029930604393391,0.07992873954705891,-0.6249,-0.6249,-0.6249,16,0.0,0.0,0.0,0.0,0.0,0.0,1.0,0.0,0.0,0.0,0.0,0,0,0,0,0,0,1,0,0,0,0
347,heykarlll,0.0,0.0,0.09186474484419102,0.0,0.0,0.0,0.0,0.0,0.0,0.0,0.6908,0.6908,0.6908,6,0.0,0.0,1.0,0.0,0.0,0.0,0.0,0.0,0.0,0.0,0.0,0,0,1,0,0,0,0,0,0,0,0
348,hngysh,0.0,0.0,0.03753192212975729,0.0,0.0,0.0,0.0,0.0,0.0,0.052905780993827395,0.7149,0.7149,0.7149,21,0.0,0.0,0.0,0.0,0.0,1.0,0.0,0.0,0.0,0.0,0.0,0,0,0,0,0,1,0,0,0,0,0
349,houseofleaves1066,0.0,0.0,0.0,0.0,0.0,0.0,0.0,0.0,0.12153235262891243,0.0,-0.4588,-0.4588,-0.4588,4,0.0,0.0,0.0,0.0,0.0,0.0,0.0,0.0,0.0,0.0,1.0,0,0,0,0,0,0,0,0,0,0,1
350,howtoreadspaghetti,0.0,0.0,0.06617367234776061,0.0,0.0,0.0,0.0,0.0,0.0,0.0,0.4588,0.4588,0.4588,15,0.0,0.0,0.0,0.0,0.0,1.0,0.0,0.0,0.0,0.0,0.0,0,0,0,0,0,1,0,0,0,0,0
351,humblyawsome,0.0,0.0,0.0,0.0,0.0,0.0,0.0,0.0,0.0,0.0,-0.6726,-0.6726,-0.6726,0,1.0,0.0,0.0,0.0,0.0,0.0,0.0,0.0,0.0,0.0,0.0,1,0,0,0,0,0,0,0,0,0,0
352,hwagoolio,0.0,0.0,0.033028538091439276,0.0,0.0,0.0371781020249212,0.046931538306982434,0.0,0.0,0.0,-0.6801,-0.6801,-0.6801,6,0.0,0.0,0.0,0.0,1.0,0.0,0.0,0.0,0.0,0.0,0.0,0,0,0,0,1,0,0,0,0,0,0
353,i-author,0.11916602265789994,0.13542180802075604,0.1673413948891201,0.0,0.0,0.18836545035557833,0.23778191643965613,0.10299737891312112,0.0,0.0,0.04744999999999999,-0.5859,0.6808,15,0.0,0.0,0.0,0.0,0.0,0.0,0.0,1.0,0.0,0.0,0.0,0,0,0,0,0,0,0,2,0,0,0
354,iDemocrat,0.0,0.0,0.0,0.1614083473421984,0.16279021329421403,0.0,0.0,0.0,0.07908399983251313,0.0,-0.765,-0.765,-0.765,4,0.0,0.0,0.0,0.0,0.0,0.0,0.0,1.0,0.0,0.0,0.0,0,0,0,0,0,0,0,1,0,0,0
355,iamelphaba,0.1409250676247863,0.0,0.06769663863823604,0.0,0.0,0.0,0.0,0.0,0.04811317661173817,0.0,-0.9834,-0.9834,-0.9834,17,0.0,0.0,0.0,1.0,0.0,0.0,0.0,0.0,0.0,0.0,0.0,0,0,0,1,0,0,0,0,0,0,0
356,iamkuato,0.0,0.0,0.0,0.0,0.0,0.0,0.0,0.04462648928622207,0.0,0.0,0.7691,0.7691,0.7691,4,0.0,0.0,0.0,0.0,0.0,0.0,0.0,1.0,0.0,0.0,0.0,0,0,0,0,0,0,0,1,0,0,0
357,iamthegodemperor,0.0,0.0,0.0,0.0,0.0,0.0,0.0,0.0,0.024581673668787808,0.0,-0.5033,-0.5033,-0.5033,15,0.0,0.0,0.0,0.0,0.0,0.0,0.0,1.0,0.0,0.0,0.0,0,0,0,0,0,0,0,1,0,0,0
358,ihunger1234,0.0,0.0,0.0,0.0,0.0,0.0,0.0,0.0,0.09360026770677336,0.0,-0.34,-0.34,-0.34,3,0.0,0.0,0.0,0.0,1.0,0.0,0.0,0.0,0.0,0.0,0.0,0,0,0,0,1,0,0,0,0,0,0
359,ilym,0.0,0.0,0.14019980443328017,0.0,0.0,0.15781390683002985,0.19921537169389164,0.0,0.0,0.0,0.6124,0.6124,0.6124,3,0.0,0.0,0.0,0.0,0.0,0.0,0.0,1.0,0.0,0.0,0.0,0,0,0,0,0,0,0,1,0,0,0
360,inspiredby,0.0,0.0,0.0,0.0,0.0,0.0,0.0,0.0,0.06137380196695833,0.040575807327648296,-0.4994,-0.4994,-0.4994,15,0.0,0.0,0.0,0.0,1.0,0.0,0.0,0.0,0.0,0.0,0.0,0,0,0,0,1,0,0,0,0,0,0
361,internetscitizen,0.0,0.0,0.0,0.0,0.0,0.0,0.0,0.0,0.09993637402318004,0.0,-0.8824,-0.8824,-0.8824,6,0.0,0.0,1.0,0.0,0.0,0.0,0.0,0.0,0.0,0.0,0.0,0,0,1,0,0,0,0,0,0,0,0
362,jac01,0.0,0.0,0.0,0.0,0.0,0.1778716496744952,0.0,0.0,0.0,0.0,-0.6478,-0.6478,-0.6478,15,0.0,0.0,0.0,0.0,0.0,0.0,0.0,0.0,0.0,1.0,0.0,0,0,0,0,0,0,0,0,0,1,0
363,jagershotzz,0.0,0.0,0.0,0.0,0.0,0.0,0.0,0.0,0.0,0.0,0.3412,0.3412,0.3412,16,0.0,0.0,0.0,1.0,0.0,0.0,0.0,0.0,0.0,0.0,0.0,0,0,0,1,0,0,0,0,0,0,0
364,jaybird117,0.0,0.0,0.10519244515158768,0.0,0.0,0.11840837300365756,0.1494720491584965,0.0,0.0,0.0,0.4098,0.4098,0.4098,17,0.0,0.0,0.0,0.0,1.0,0.0,0.0,0.0,0.0,0.0,0.0,0,0,0,0,1,0,0,0,0,0,0
365,jeh5256,0.0,0.0,0.0,0.0,0.0,0.0,0.0,0.0,0.08172742918839333,0.0,0.6697,0.6697,0.6697,14,0.0,0.0,0.0,1.0,0.0,0.0,0.0,0.0,0.0,0.0,0.0,0,0,0,1,0,0,0,0,0,0,0
366,jimrosenz,0.13302695985874877,0.15117355616787495,0.0,0.0,0.0,0.0,0.0,0.11497764114831588,0.0794944394243952,0.0,-0.06885000000000001,-0.34,0.2023,5,0.0,1.0,0.0,1.0,0.0,0.0,0.0,0.0,0.0,0.0,0.0,0,1,0,1,0,0,0,0,0,0,0
367,jlewis412,0.0,0.0,0.0,0.0,0.0,0.0,0.0,0.0,0.06279374079971187,0.0,0.8605,0.8605,0.8605,2,1.0,0.0,0.0,0.0,0.0,0.0,0.0,0.0,0.0,0.0,0.0,1,0,0,0,0,0,0,0,0,0,0
368,jofwu,0.0,0.0,0.0,0.04453071855350095,0.04491195957852312,0.0,0.0,0.0,0.021818371829063755,0.0,-0.9217,-0.9217,-0.9217,19,0.0,0.0,0.0,0.0,1.0,0.0,0.0,0.0,0.0,0.0,0.0,0,0,0,0,1,0,0,0,0,0,0
369,johnmflores,0.0,0.0,0.06943253450532305,0.0,0.0,0.0,0.0,0.08328497025008336,0.04934690794778076,0.09787355019242495,-0.3736,-0.3736,-0.3736,4,0.0,0.0,0.0,0.0,0.0,1.0,0.0,0.0,0.0,0.0,0.0,0,0,0,0,0,1,0,0,0,0,0
370,jonfla,0.0,0.0,0.0,0.0,0.0,0.0,0.0,0.0,0.05705445084154427,0.0,-0.4215,-0.4215,-0.4215,16,0.0,0.0,0.0,0.0,0.0,0.0,0.0,1.0,0.0,0.0,0.0,0,0,0,0,0,0,0,1,0,0,0
371,jsalsman,0.09268685806440018,0.0,0.0,0.0,0.0,0.07517719827148868,0.0,0.0,0.047466280273637265,0.0,0.6705,0.6705,0.6705,18,0.0,0.0,0.0,0.0,0.0,0.0,0.0,0.0,0.0,0.0,1.0,0,0,0,0,0,0,0,0,0,0,1
372,jubbergun,0.0,0.0,0.0,0.0,0.0,0.0,0.0,0.0,0.03166696878460641,0.0,-0.7346,-0.7346,-0.7346,3,0.0,0.0,0.0,1.0,0.0,0.0,0.0,0.0,0.0,0.0,0.0,0,0,0,1,0,0,0,0,0,0,0
373,kali_llama,0.0,0.0,0.09397252751307739,0.0,0.0,0.0,0.0,0.11272091986864992,0.0,0.0,0.25,0.25,0.25,13,0.0,0.0,0.0,0.0,0.0,0.0,0.0,0.0,0.0,1.0,0.0,0,0,0,0,0,0,0,0,0,1,0
374,katbaleu99,0.0,0.0,0.0,0.0,0.0,0.0,0.0,0.0,0.07365176912263645,0.0,-0.3612,-0.3612,-0.3612,2,0.0,0.0,0.0,0.0,0.0,0.0,0.0,0.0,0.0,1.0,0.0,0,0,0,0,0,0,0,0,0,1,0
375,kekulerules,0.0,0.0,0.0,0.0,0.0,0.16862236302273426,0.0,0.0,0.0,0.0,-0.4404,-0.4404,-0.4404,16,0.0,0.0,0.0,0.0,0.0,0.0,1.0,0.0,0.0,0.0,0.0,0,0,0,0,0,0,1,0,0,0,0
376,kevalry,0.0848105768897916,0.0963798355062204,0.06111110400558797,0.0,0.0,0.06878884113142755,0.08683515179146276,0.07330333704964993,0.0,0.0,0.8126,0.8126,0.8126,1,0.0,0.0,0.0,0.0,0.0,0.0,0.0,0.0,0.0,1.0,0.0,0,0,0,0,0,0,0,0,0,1,0
377,keypuncher,0.0,0.0,0.0,0.0,0.0,0.0,0.0,0.0,0.025356440272719317,0.10058278959887001,-0.3291,-0.3291,-0.3291,5,0.0,0.0,0.0,0.0,0.0,0.0,1.0,0.0,0.0,0.0,0.0,0,0,0,0,0,0,1,0,0,0,0
378,kilgore_trout87,0.0,0.0,0.07010898692468862,0.0,0.0,0.0789171794868368,0.09962059466303107,0.0,0.049827674428614424,0.0,0.4404,0.4404,0.4404,7,0.0,0.0,0.0,0.0,0.0,0.0,0.0,0.0,0.0,0.0,1.0,0,0,0,0,0,0,0,0,0,0,1
379,kirkisartist,0.0,0.0,0.0,0.0,0.0,0.0,0.0,0.0,0.025224441894821193,0.05002959217791712,-0.6896,-0.6896,-0.6896,16,0.0,0.0,0.0,1.0,0.0,0.0,0.0,0.0,0.0,0.0,0.0,0,0,0,1,0,0,0,0,0,0,0
380,koshambhi,0.0,0.0,0.08391446920728027,0.0,0.0,0.0,0.0,0.0,0.0,0.0,-0.5106,-0.5106,-0.5106,4,0.0,0.0,0.0,0.0,0.0,0.0,0.0,0.0,1.0,0.0,0.0,0,0,0,0,0,0,0,0,1,0,0
381,kyonu,0.0,0.0,0.1289587248593447,0.0,0.0,0.0,0.0,0.0,0.0,0.0,0.2755,0.2755,0.2755,15,0.0,0.0,0.0,0.0,0.0,0.0,0.0,0.0,0.0,1.0,0.0,0,0,0,0,0,0,0,0,0,1,0
382,landzarc,0.0,0.0,0.0,0.0,0.0,0.0,0.0,0.0,0.05470370246227558,0.0,0.8271,0.8271,0.8271,5,0.0,0.0,1.0,0.0,0.0,0.0,0.0,0.0,0.0,0.0,0.0,0,0,1,0,0,0,0,0,0,0,0
383,lawrnk,0.0,0.0,0.0,0.0,0.0,0.0,0.0,0.051657205518250975,0.0,0.0,0.6085,0.6085,0.6085,22,0.0,0.0,0.0,0.0,0.0,0.0,0.0,1.0,0.0,0.0,0.0,0,0,0,0,0,0,0,1,0,0,0
384,ledhe,0.14351155510658864,0.16308838569024953,0.0,0.15000000501220603,0.15128420067582368,0.0,0.0,0.12403966911070406,0.0734943425578395,0.0,-0.5859,-0.5859,-0.5859,20,0.0,0.0,0.0,0.0,0.0,0.0,0.0,0.0,0.0,1.0,0.0,0,0,0,0,0,0,0,0,0,1,0
385,lee66cj5,0.0,0.0,0.03778129991749165,0.0,0.0,0.0,0.0,0.0906380405686194,0.05370365182429063,0.0,0.7506,0.7506,0.7506,19,0.0,0.0,1.0,0.0,0.0,0.0,0.0,0.0,0.0,0.0,0.0,0,0,1,0,0,0,0,0,0,0,0
386,leodragon39,0.0,0.0,0.0,0.0,0.0,0.0,0.0,0.0,0.07456066152619809,0.0,-0.25,-0.25,-0.25,17,0.0,0.0,1.0,0.0,0.0,0.0,0.0,0.0,0.0,0.0,0.0,0,0,1,0,0,0,0,0,0,0,0
387,lightninhopkins,0.0,0.0,0.11372133308156865,0.0,0.0,0.0,0.0,0.0,0.0,0.0,-0.3724,-0.3724,-0.3724,17,0.0,0.0,0.0,0.0,0.0,0.0,0.0,0.0,0.0,1.0,0.0,0,0,0,0,0,0,0,0,0,1,0
388,littlebitsoffluff,0.0,0.0,0.0,0.0,0.0,0.0,0.0,0.0,0.040343858276192704,0.0,-0.204,-0.204,-0.204,20,0.0,0.0,0.0,0.0,0.0,1.0,0.0,0.0,0.0,0.0,0.0,0,0,0,0,0,1,0,0,0,0,0
389,lmurphy213,0.0,0.0,0.0,0.0,0.0,0.0,0.0,0.16218859420456735,0.0,0.0,-0.4926,-0.4926,-0.4926,17,1.0,0.0,0.0,0.0,0.0,0.0,0.0,0.0,0.0,0.0,0.0,1,0,0,0,0,0,0,0,0,0,0
390,logicalthinker1,0.0,0.0,0.0,0.0,0.0,0.0,0.0,0.0,0.04676473363080872,0.0,-0.3111,-0.3111,-0.3111,3,1.0,0.0,0.0,0.0,0.0,0.0,0.0,0.0,0.0,0.0,0.0,1,0,0,0,0,0,0,0,0,0,0
391,lserbin,0.0,0.0,0.09299436160962654,0.0,0.0,0.10467777453829323,0.1321393163733993,0.0,0.0,0.0,-0.4939,-0.4939,-0.4939,1,0.0,0.0,0.0,1.0,0.0,0.0,0.0,0.0,0.0,0.0,0.0,0,0,0,1,0,0,0,0,0,0,0
392,lupianwolf,0.0,0.0,0.0,0.0,0.0,0.0,0.0,0.0,0.059835258307248076,0.0,-0.4215,-0.4215,-0.4215,0,1.0,0.0,0.0,0.0,0.0,0.0,0.0,0.0,0.0,0.0,0.0,1,0,0,0,0,0,0,0,0,0,0
393,lxpnh98_2,0.0,0.0,0.0,0.0,0.0,0.0,0.0,0.0,0.038981922683296054,0.0,0.5859,0.5859,0.5859,0,0.0,0.0,0.0,0.0,0.0,1.0,0.0,0.0,0.0,0.0,0.0,0,0,0,0,0,1,0,0,0,0,0
394,madcorp,0.0,0.0,0.0,0.0,0.0,0.0,0.0,0.0,0.02644296322699097,0.0,-0.8885,-0.8885,-0.8885,18,0.0,0.0,0.0,0.0,0.0,0.0,0.0,0.0,0.0,1.0,0.0,0,0,0,0,0,0,0,0,0,1,0
395,majorchamp,0.0,0.0,0.06950721785871888,0.0,0.0,0.0,0.0,0.0,0.0493999867038929,0.0,-0.4019,-0.4019,-0.4019,6,0.0,0.0,0.0,0.0,0.0,1.0,0.0,0.0,0.0,0.0,0.0,0,0,0,0,0,1,0,0,0,0,0
396,malavel,0.0,0.0,0.0,0.0,0.0,0.0,0.0,0.0,0.09620984867368997,0.0,0.5095,0.5095,0.5095,16,0.0,0.0,0.0,0.0,0.0,0.0,1.0,0.0,0.0,0.0,0.0,0,0,0,0,0,0,1,0,0,0,0
397,mario_meowingham,0.0,0.0,0.20918760240046894,0.0,0.0,0.11773451799262452,0.14862141261329442,0.0,0.0,0.0,0.4588,0.4588,0.4588,18,0.0,0.0,0.0,0.0,1.0,0.0,0.0,0.0,0.0,0.0,0.0,0,0,0,0,1,0,0,0,0,0,0
398,markcromwell,0.0,0.0,0.10784560559099772,0.0,0.0,0.12139486514665791,0.1532420283338393,0.0,0.0,0.0,0.8316,0.8316,0.8316,20,1.0,0.0,0.0,0.0,0.0,0.0,0.0,0.0,0.0,0.0,0.0,1,0,0,0,0,0,0,0,0,0,0
399,masterofmustaches,0.0,0.0,0.0,0.0,0.0,0.0,0.0,0.0811889987161676,0.0,0.0,-0.6124,-0.6124,-0.6124,21,0.0,0.0,0.0,0.0,1.0,0.0,0.0,0.0,0.0,0.0,0.0,0,0,0,0,1,0,0,0,0,0,0
400,mathpoet,0.0,0.0,0.0,0.14188430815029965,0.14309902286479034,0.0,0.0,0.0,0.06951795732227904,0.0,-0.296,-0.296,-0.296,5,0.0,0.0,0.0,0.0,0.0,0.0,1.0,0.0,0.0,0.0,0.0,0,0,0,0,0,0,1,0,0,0,0
401,matt_dot_txt,0.0,0.0,0.07229943245681397,0.0,0.0,0.0,0.0,0.0,0.0,0.0,-0.4215,-0.4215,-0.4215,14,0.0,0.0,0.0,0.0,0.0,1.0,0.0,0.0,0.0,0.0,0.0,0,0,0,0,0,1,0,0,0,0,0
402,matts2,0.0,0.0,0.0,0.0,0.0,0.0,0.0,0.0,0.040016833771750866,0.0,-0.2052,-0.2052,-0.2052,21,0.0,0.0,0.0,0.0,0.0,0.0,0.0,1.0,0.0,0.0,0.0,0,0,0,0,0,0,0,1,0,0,0
403,maximusrex,0.15055334461029823,0.0,0.0,0.0,0.0,0.06105600553608213,0.0,0.0,0.0,0.0,0.908,0.908,0.908,20,0.0,0.0,0.0,0.0,0.0,0.0,0.0,1.0,0.0,0.0,0.0,0,0,0,0,0,0,0,1,0,0,0
404,mayberrymachiavelli,0.0,0.0,0.0,0.0,0.0,0.0,0.0,0.06579484236239232,0.0,0.0,0.6409,0.6409,0.6409,18,0.0,0.0,0.0,0.0,0.0,1.0,0.0,0.0,0.0,0.0,0.0,0,0,0,0,0,1,0,0,0,0,0
405,mdude04,0.0,0.0,0.0,0.0,0.0,0.0,0.0,0.0,0.0624215895912913,0.0,-0.7278,-0.7278,-0.7278,23,0.0,0.0,0.0,0.0,0.0,1.0,0.0,0.0,0.0,0.0,0.0,0,0,0,0,0,1,0,0,0,0,0
406,michaelconfoy,0.12430047484697586,0.14125666583619975,0.5008392412352902,0.2257871965722846,0.22772022943261624,0.20565863995581282,0.25961186326236607,0.418459649998192,0.40558386961850945,0.07533929481848015,-0.3400473684210526,-0.9604,0.8658,6,0.0,0.0,0.0,0.0,0.0,0.0,0.0,1.0,0.0,0.0,0.0,0,0,0,0,0,0,0,19,0,0,0
407,milesandmilesoftacos,0.0,0.0,0.0,0.0,0.0,0.0,0.0,0.0,0.05192990773571408,0.2059932280514035,-0.8693,-0.8693,-0.8693,23,0.0,0.0,0.0,0.0,0.0,1.0,0.0,0.0,0.0,0.0,0.0,0,0,0,0,0,1,0,0,0,0,0
408,miryslough,0.0,0.0,0.0,0.0,0.0,0.0,0.0,0.0,0.10764138117928634,0.0,-0.5719,-0.5719,-0.5719,20,0.0,0.0,0.0,0.0,0.0,0.0,1.0,0.0,0.0,0.0,0.0,0,0,0,0,0,0,1,0,0,0,0
409,mm1255,0.0,0.0,0.0,0.0,0.0,0.0,0.0,0.0,0.0,0.0,0.5106,0.5106,0.5106,2,1.0,0.0,0.0,0.0,0.0,0.0,0.0,0.0,0.0,0.0,0.0,1,0,0,0,0,0,0,0,0,0,0
410,mntwins7,0.0,0.0,0.0,0.0,0.0,0.0,0.0,0.0,0.0,0.0,-0.7783,-0.7783,-0.7783,4,0.0,0.0,0.0,0.0,0.0,0.0,1.0,0.0,0.0,0.0,0.0,0,0,0,0,0,0,1,0,0,0,0
411,monkey4love,0.0,0.0,0.0,0.0,0.0,0.0,0.0,0.0,0.03833411515586377,0.0,-0.6369,-0.6369,-0.6369,22,0.0,0.0,0.0,0.0,0.0,1.0,0.0,0.0,0.0,0.0,0.0,0,0,0,0,0,1,0,0,0,0,0
412,monsoony,0.0,0.0,0.0,0.0,0.0,0.0,0.0,0.0,0.03810517608652731,0.0,-0.5106,-0.5106,-0.5106,12,0.0,0.0,0.0,0.0,0.0,0.0,0.0,1.0,0.0,0.0,0.0,0,0,0,0,0,0,0,1,0,0,0
413,mosstradamus,0.0,0.0,0.08074988031468126,0.0,0.0,0.0,0.0,0.0,0.05739034213676008,0.0,-0.4019,-0.4019,-0.4019,1,0.0,0.0,0.0,0.0,0.0,0.0,1.0,0.0,0.0,0.0,0.0,0,0,0,0,0,0,1,0,0,0,0
414,mountainwampus,0.0,0.0,0.0,0.0,0.0,0.0,0.0,0.0,0.0,0.0,-0.8642,-0.8642,-0.8642,20,0.0,0.0,0.0,0.0,0.0,0.0,0.0,0.0,0.0,1.0,0.0,0,0,0,0,0,0,0,0,0,1,0
415,mrsmeeseeks,0.0,0.0,0.0,0.13725511006206798,0.13843019280381005,0.0,0.0,0.11350051911309461,0.06724982493097072,0.0,-0.6369,-0.6369,-0.6369,3,0.0,0.0,0.0,0.0,0.0,0.0,0.0,1.0,0.0,0.0,0.0,0,0,0,0,0,0,0,1,0,0,0
416,mycourage,0.0,0.0,0.05591600027496731,0.0,0.0,0.06294104683934157,0.07945322622553631,0.0,0.039740472359760325,0.0,-0.7351,-0.7351,-0.7351,11,0.0,0.0,0.0,0.0,0.0,0.0,0.0,0.0,0.0,1.0,0.0,0,0,0,0,0,0,0,0,0,1,0
417,mynameisethan182,0.0,0.0,0.0,0.0,0.0,0.0,0.0,0.0,0.12927465193964122,0.0,-0.7003,-0.7003,-0.7003,3,0.0,0.0,0.0,0.0,0.0,0.0,0.0,0.0,0.0,1.0,0.0,0,0,0,0,0,0,0,0,0,1,0
418,ne99ne,0.0,0.0,0.0,0.0,0.0,0.09882431844973266,0.0,0.0,0.18871311002184207,0.12375657670116857,-0.5385,-0.8385,-0.3182,16,0.0,0.0,0.0,0.0,0.0,0.0,0.0,0.0,0.0,0.0,1.0,0,0,0,0,0,0,0,0,0,0,3
419,nick12945,0.0,0.0,0.039306337182466865,0.0,0.0,0.04424461688101395,0.05585190794939374,0.0,0.0,0.0,0.9421,0.9421,0.9421,2,0.0,0.0,0.0,0.0,0.0,1.0,0.0,0.0,0.0,0.0,0.0,0,0,0,0,0,1,0,0,0,0,0
420,not__banksy,0.0,0.0,0.0,0.0,0.0,0.12430652370395351,0.0,0.0,0.0,0.15566765424290735,0.2732,0.2732,0.2732,4,1.0,0.0,0.0,0.0,0.0,0.0,0.0,0.0,0.0,0.0,0.0,1,0,0,0,0,0,0,0,0,0,0
421,nullsignature,0.0,0.0,0.0,0.0,0.0,0.0,0.0,0.09194061092406952,0.0,0.10804535285272705,0.5106,0.5106,0.5106,12,0.0,0.0,0.0,0.0,1.0,0.0,0.0,0.0,0.0,0.0,0.0,0,0,0,0,1,0,0,0,0,0,0
422,nuthin2C,0.0,0.0,0.0,0.0,0.0,0.0,0.0,0.0,0.0,0.0,-0.3612,-0.3612,-0.3612,23,0.0,0.0,0.0,0.0,0.0,0.0,0.0,1.0,0.0,0.0,0.0,0,0,0,0,0,0,0,1,0,0,0
423,opie2,0.0,0.0,0.0,0.0,0.0,0.0,0.0,0.0,0.04476273688058011,0.0,0.3612,0.3612,0.3612,2,0.0,0.0,0.0,0.0,0.0,0.0,1.0,0.0,0.0,0.0,0.0,0,0,0,0,0,0,1,0,0,0,0
424,owl__of_minerva,0.0,0.0,0.13877186916823994,0.0,0.0,0.0,0.0,0.0,0.0,0.0,0.7506,0.7506,0.7506,9,0.0,0.0,1.0,0.0,0.0,0.0,0.0,0.0,0.0,0.0,0.0,0,0,1,0,0,0,0,0,0,0,0
425,ozcartwentytwo,0.0,0.0,0.0,0.0,0.0,0.0,0.0,0.0,0.0,0.0,-0.296,-0.296,-0.296,17,1.0,0.0,0.0,0.0,0.0,0.0,0.0,0.0,0.0,0.0,0.0,1,0,0,0,0,0,0,0,0,0,0
426,pateras,0.16341360984840947,0.18570533787470483,0.0,0.0,0.0,0.0,0.0,0.14124138003192618,0.0,0.0,-0.5719,-0.5719,-0.5719,19,0.0,0.0,1.0,0.0,0.0,0.0,0.0,0.0,0.0,0.0,0.0,0,0,1,0,0,0,0,0,0,0,0
427,paulen8,0.5426942418119414,0.6167247491309504,0.10448436279744416,0.0,0.0,0.05880566510903336,0.07423295365864037,0.6570555322640804,0.0,0.20667030985151286,-0.008633333333333326,-0.7003,0.5622,2,0.0,0.0,1.0,0.0,0.0,0.0,0.0,0.0,0.0,0.0,0.0,0,0,6,0,0,0,0,0,0,0,0
428,pcarenza,0.0,0.0,0.0,0.0,0.0,0.0,0.0,0.0,0.20439732862726084,0.0,-0.53345,-0.7269,-0.34,0,0.0,0.0,0.0,0.0,0.0,0.0,1.0,0.0,0.0,0.0,0.0,0,0,0,0,0,0,2,0,0,0,0
429,peeweeGmagee,0.14004440180571484,0.1591482678763205,0.0,0.0,0.0,0.0,0.0,0.12104294492443869,0.0,0.0,0.6486,0.6486,0.6486,12,0.0,0.0,1.0,0.0,0.0,0.0,0.0,0.0,0.0,0.0,0.0,0,0,1,0,0,0,0,0,0,0,0
430,perfecctionist,0.0,0.0,0.0,0.0,0.0,0.0,0.0,0.0,0.08935281699030735,0.0,-0.4717,-0.4717,-0.4717,18,0.0,0.0,0.0,0.0,0.0,0.0,0.0,1.0,0.0,0.0,0.0,0,0,0,0,0,0,0,1,0,0,0
431,personAAA,0.1493502098130371,0.16972350834619335,0.0,0.0,0.0,0.0,0.0,0.12908612545564177,0.0,0.0,-0.4215,-0.4215,-0.4215,18,1.0,0.0,0.0,0.0,0.0,0.0,0.0,0.0,0.0,0.0,0.0,1,0,0,0,0,0,0,0,0,0,0
432,perverted_alt,0.0,0.0,0.10287975302066603,0.0,0.0,0.04430935837862815,0.0,0.0,0.04514185330669755,0.0,0.1771,-0.296,0.6502,23,0.0,0.0,0.0,0.0,0.0,0.0,1.0,0.0,0.0,0.0,0.0,0,0,0,0,0,0,2,0,0,0,0
433,pheonix200,0.0,0.0,0.22676844562487944,0.2882550025547366,0.29072284130092035,0.14224828327576286,0.17956620677365262,0.0,0.2595892013022415,0.1296956956336013,0.16274999999999998,-0.3818,0.875,1,0.0,0.0,0.0,0.0,0.0,0.0,0.0,0.0,0.0,1.0,1.0,0,0,0,0,0,0,0,0,0,1,5
434,piede,0.0,0.0,0.32202640300397517,0.0,0.0,0.2708161695288779,0.34186305223099184,0.0,0.1428539344955025,0.0,-0.44328,-0.5719,-0.2732,21,0.0,0.0,1.0,0.0,0.0,0.0,0.0,1.0,0.0,0.0,0.0,0,0,4,0,0,0,0,1,0,0,0
435,pinkaimitra,0.0,0.0,0.09867372710472273,0.0,0.0,0.0,0.0,0.0,0.0,0.0,0.34,0.34,0.34,15,0.0,0.0,0.0,0.0,0.0,0.0,0.0,0.0,0.0,1.0,0.0,0,0,0,0,0,0,0,0,0,1,0
436,pk3maross,0.0,0.0,0.0,0.0,0.0,0.0,0.0,0.0,0.0,0.0,-0.4767,-0.4767,-0.4767,21,0.0,0.0,0.0,0.0,0.0,0.0,1.0,0.0,0.0,0.0,0.0,0,0,0,0,0,0,1,0,0,0,0
437,plsNoJankyCode,0.0,0.0,0.07902640888935432,0.0,0.0,0.0,0.0,0.0,0.05616544106722302,0.0,-0.5947,-0.5947,-0.5947,10,0.0,0.0,0.0,1.0,0.0,0.0,0.0,0.0,0.0,0.0,0.0,0,0,0,1,0,0,0,0,0,0,0
438,political_shitposter,0.0,0.0,0.0,0.0,0.0,0.0,0.0,0.0,0.03158051239270295,0.12527215962712474,-0.8093,-0.8093,-0.8093,19,0.0,0.0,0.0,0.0,0.0,1.0,0.0,0.0,0.0,0.0,0.0,0,0,0,0,0,1,0,0,0,0,0
439,politicalgarbage,0.0,0.0,0.0,0.16350247162881423,0.16490226601575045,0.0,0.0,0.0,0.1532468809503642,0.0,-0.06239999999999998,-0.5267,0.4019,0,0.0,0.0,0.0,0.0,0.0,0.0,0.0,1.0,0.0,0.0,0.0,0,0,0,0,0,0,0,2,0,0,0
440,poopvotes,0.11583634755344213,0.13163792220573778,0.0,0.0,0.0,0.0,0.0,0.1001194796533971,0.0,0.0,0.4019,0.4019,0.4019,16,0.0,0.0,0.0,0.0,1.0,0.0,0.0,0.0,0.0,0.0,0.0,0,0,0,0,1,0,0,0,0,0,0
441,probiner,0.0,0.0,0.1764143944727321,0.0,0.0,0.0,0.0,0.0,0.0,0.0,0.4404,0.4404,0.4404,11,0.0,0.0,0.0,1.0,0.0,0.0,0.0,0.0,0.0,0.0,0.0,0,0,0,1,0,0,0,0,0,0,0
442,progress18,0.14285169947731227,0.16233851722643572,0.5509791465917475,0.0,0.0,0.38768796137088324,0.4893954080290923,0.1234693437884296,0.1708747674456586,0.0,-0.22197142857142857,-0.802,0.4215,17,0.0,0.0,1.0,0.0,0.0,0.0,0.0,0.0,0.0,0.0,0.0,0,0,7,0,0,0,0,0,0,0,0
443,propshaft,0.0,0.0,0.0,0.0,0.0,0.1364148398800523,0.0,0.0,0.16588024352535358,0.0,0.038300000000000035,-0.743,0.8176,22,1.0,0.0,0.0,0.0,0.0,0.0,1.0,0.0,0.0,0.0,0.0,2,0,0,0,0,0,5,0,0,0,0
444,puddboy,0.0,0.0,0.09846599400032265,0.0,0.0,0.1108368393658367,0.13991417230056,0.0,0.0,0.0,0.296,0.296,0.296,15,1.0,0.0,0.0,0.0,0.0,0.0,0.0,0.0,0.0,0.0,0.0,1,0,0,0,0,0,0,0,0,0,0
445,qdcraw,0.0,0.0,0.08856570452668286,0.0,0.0,0.09969271996496515,0.1258464647503197,0.0,0.0,0.0,0.5859,0.5859,0.5859,21,0.0,0.0,0.0,0.0,0.0,0.0,0.0,1.0,0.0,0.0,0.0,0,0,0,0,0,0,0,1,0,0,0
446,randyrandp,0.0,0.0,0.0,0.0,0.0,0.0,0.0,0.09603259375294305,0.0,0.0,0.4588,0.4588,0.4588,14,0.0,0.0,0.0,1.0,0.0,0.0,0.0,0.0,0.0,0.0,0.0,0,0,0,1,0,0,0,0,0,0,0
447,redclosetmonster,0.12586181811922045,0.14303099650657386,0.09069098383107316,0.0,0.0,0.10208501025015207,0.12886635702683805,0.10878467773263632,0.0,0.0,0.5719,0.5719,0.5719,18,0.0,0.0,1.0,0.0,0.0,0.0,0.0,0.0,0.0,0.0,0.0,0,0,1,0,0,0,0,0,0,0,0
448,restore_democracy,0.0,0.0,0.0,0.0,0.0,0.0,0.0,0.0,0.11824237580720734,0.0,-0.2878,-0.2878,-0.2878,13,0.0,0.0,0.0,0.0,0.0,0.0,0.0,0.0,0.0,0.0,1.0,0,0,0,0,0,0,0,0,0,0,1
449,rituals,0.04103786717610507,0.0,0.0,0.0,0.0,0.0,0.0,0.0,0.0,0.0,0.3895,0.3895,0.3895,23,0.0,0.0,0.0,0.0,1.0,0.0,0.0,0.0,0.0,0.0,0.0,0,0,0,0,1,0,0,0,0,0,0
450,romaniastronk,0.0,0.0,0.0,0.0,0.0,0.11705148457154946,0.0,0.0,0.0,0.0,0.5574,0.5574,0.5574,0,0.0,0.0,0.0,0.0,0.0,0.0,0.0,0.0,0.0,1.0,0.0,0,0,0,0,0,0,0,0,0,1,0
451,ruskeeblue,0.23901034970807095,0.2716144499179894,0.17116995213295125,0.14161888947761497,0.1428313318621249,0.16631745011256183,0.11446236683714489,0.2871883033734482,0.11983478961397284,0.0,-0.05641666666666668,-0.3612,0.6597,6,0.0,0.0,1.0,0.0,0.0,0.0,0.0,1.0,0.0,0.0,1.0,0,0,1,0,0,0,0,1,0,0,4
452,sadafbutt133,0.0,0.0,0.0,0.0,0.0,0.0,0.0,0.0,0.0,0.0,-0.4939,-0.4939,-0.4939,12,0.0,0.0,0.0,0.0,0.0,0.0,0.0,0.0,0.0,0.0,1.0,0,0,0,0,0,0,0,0,0,0,1
453,sanity,0.0,0.0,0.0,0.0,0.0,0.0,0.0,0.0,0.03898950883411584,0.0,-0.6486,-0.6486,-0.6486,13,0.0,0.0,0.0,0.0,0.0,0.0,0.0,1.0,0.0,0.0,0.0,0,0,0,0,0,0,0,1,0,0,0
454,sayqueensbridge,0.0,0.0,0.0,0.0,0.0,0.0,0.0,0.0,0.04868717150665476,0.0,-0.2732,-0.2732,-0.2732,6,0.0,0.0,0.0,0.0,0.0,1.0,0.0,0.0,0.0,0.0,0.0,0,0,0,0,0,1,0,0,0,0,0
455,scaradin,0.0,0.0,0.0,0.0,0.0,0.0,0.0,0.0,0.04679892562546028,0.0,-0.594,-0.594,-0.594,15,0.0,0.0,0.0,1.0,0.0,0.0,0.0,0.0,0.0,0.0,0.0,0,0,0,1,0,0,0,0,0,0,0
456,seanosul,0.0,0.0,0.0,0.1608554679123562,0.16223260049542126,0.0,0.0,0.0,0.07881310977349815,0.0,0.4019,0.4019,0.4019,0,0.0,0.0,0.0,0.0,0.0,0.0,0.0,0.0,0.0,1.0,0.0,0,0,0,0,0,0,0,0,0,1,0
457,shady0041,0.0,0.0,0.0,0.0,0.0,0.0,0.0,0.0,0.05472379133047054,0.0,-0.6705,-0.6705,-0.6705,6,0.0,0.0,0.0,0.0,0.0,0.0,0.0,0.0,0.0,1.0,0.0,0,0,0,0,0,0,0,0,0,1,0
458,shion005,0.0,0.0,0.0,0.0,0.0,0.0,0.0,0.0,0.0873969769266083,0.0,0.7717,0.7717,0.7717,18,0.0,0.0,0.0,0.0,0.0,0.0,0.0,0.0,0.0,1.0,0.0,0,0,0,0,0,0,0,0,0,1,0
459,shschief15,0.0,0.0,0.0,0.0,0.0,0.0,0.0,0.0,0.04998201681687537,0.0,-0.4767,-0.4767,-0.4767,19,0.0,0.0,0.0,0.0,0.0,0.0,1.0,0.0,0.0,0.0,0.0,0,0,0,0,0,0,1,0,0,0,0
460,sociotronics,0.0,0.0,0.037372178635441296,0.0,0.0,0.0,0.0,0.0,0.026561056312725477,0.0,0.4812,0.4812,0.4812,18,0.0,0.0,0.0,0.0,0.0,0.0,0.0,1.0,0.0,0.0,0.0,0,0,0,0,0,0,0,1,0,0,0
461,solmakou,0.0,0.0,0.06289586142825823,0.0,0.0,0.035398913912740984,0.04468559162078145,0.0,0.0,0.04432965967793167,-0.8,-0.8,-0.8,20,0.0,0.0,0.0,0.0,1.0,0.0,0.0,0.0,0.0,0.0,0.0,0,0,0,0,1,0,0,0,0,0,0
462,sp0rkah0lic,0.0,0.0,0.0,0.0,0.0,0.0,0.0,0.0674880828066578,0.0,0.0,0.296,0.296,0.296,22,0.0,0.0,0.0,0.0,1.0,0.0,0.0,0.0,0.0,0.0,0.0,0,0,0,0,1,0,0,0,0,0,0
463,spaceghoti,0.04992853688368051,0.05673943449492801,0.0,0.0,0.0,0.0,0.0,0.04315415012842396,0.0,0.0,0.5788,0.5788,0.5788,18,0.0,0.0,1.0,0.0,0.0,0.0,0.0,0.0,0.0,0.0,0.0,0,0,1,0,0,0,0,0,0,0,0
464,spartan2600,0.10696064789357845,0.1215514624198093,0.1431821528704046,0.0,0.0,0.0,0.0,0.19117166942683042,0.0,0.0,0.5551,0.5106,0.6124,19,0.0,0.0,1.0,0.0,0.0,0.0,0.0,1.0,0.0,0.0,0.0,0,0,2,0,0,0,0,1,0,0,0
465,spiritcrusher77,0.0,0.0,0.03516614754644116,0.0,0.0,0.0,0.0,0.0,0.049986383421428124,0.04957093575054446,-0.6296,-0.6296,-0.6296,0,0.0,0.0,0.0,0.0,0.0,1.0,0.0,0.0,0.0,0.0,0.0,0,0,0,0,0,1,0,0,0,0,0
466,spiritgide,0.0,0.0,0.0,0.0,0.0,0.0,0.0,0.0,0.049457451717477806,0.0,-0.6858,-0.6858,-0.6858,15,0.0,0.0,0.0,0.0,0.0,1.0,0.0,0.0,0.0,0.0,0.0,0,0,0,0,0,1,0,0,0,0,0
467,spookyjohnathan,0.0,0.0,0.03934404988288646,0.0,0.0,0.0,0.0,0.04719355338760939,0.0,0.0,0.8927,0.8927,0.8927,12,0.0,0.0,0.0,0.0,0.0,0.0,0.0,1.0,0.0,0.0,0.0,0,0,0,0,0,0,0,1,0,0,0
468,starving_musician,0.0,0.0,0.0,0.0,0.0,0.04044812234152099,0.0,0.043102664563880504,0.025538620163411224,0.050652726307673646,-0.797,-0.797,-0.797,20,0.0,0.0,0.0,0.0,0.0,0.0,0.0,0.0,0.0,1.0,0.0,0,0,0,0,0,0,0,0,0,1,0
469,staticjacket,0.18094809353594654,0.0,0.0,0.0,0.0,0.0,0.0,0.0,0.0926661352226424,0.0,-0.7003,-0.7003,-0.7003,13,0.0,0.0,0.0,1.0,0.0,0.0,0.0,0.0,0.0,0.0,0.0,0,0,0,1,0,0,0,0,0,0,0
470,steveshotz,0.1684288632300381,0.0,0.08090872747133133,0.0,0.0,0.04553687656880215,0.05748318366646363,0.0,0.02875161878466193,0.05702531569377956,-0.5015,-0.5015,-0.5015,18,0.0,0.0,1.0,0.0,0.0,0.0,0.0,0.0,0.0,0.0,0.0,0,0,1,0,0,0,0,0,0,0,0
471,stuntmilkman,0.14256004806990852,0.0,0.051361529682569795,0.0,0.0,0.0,0.0,0.0,0.0,0.0,-0.722,-0.722,-0.722,6,0.0,0.0,0.0,0.0,0.0,0.0,0.0,1.0,0.0,0.0,0.0,0,0,0,0,0,0,0,1,0,0,0
472,stylazyn,0.0,0.0,0.0,0.0,0.0,0.0,0.0,0.23797221638571958,0.0,0.0,-0.4404,-0.4404,-0.4404,15,0.0,0.0,0.0,1.0,0.0,0.0,0.0,0.0,0.0,0.0,0.0,0,0,0,1,0,0,0,0,0,0,0
473,sugdn,0.0,0.0,0.10020751462349427,0.0,0.0,0.0,0.0,0.040066614946017286,0.0,0.0,0.903,0.903,0.903,15,0.0,0.0,0.0,0.0,1.0,0.0,0.0,0.0,0.0,0.0,0.0,0,0,0,0,1,0,0,0,0,0,0
474,swanspank,0.0,0.0,0.07185525159905813,0.0,0.0,0.0,0.0,0.0,0.0,0.0,0.8591,0.8591,0.8591,0,0.0,0.0,0.0,1.0,0.0,0.0,0.0,0.0,0.0,0.0,0.0,0,0,0,1,0,0,0,0,0,0,0
475,teddilicious,0.0,0.0,0.0982604512421675,0.0,0.0,0.0,0.0,0.05893216211080621,0.0,0.0,-0.5994,-0.5994,-0.5994,22,0.0,0.0,0.0,0.0,0.0,1.0,0.0,0.0,0.0,0.0,0.0,0,0,0,0,0,1,0,0,0,0,0
476,tehForce,0.0,0.0,0.05252438383029265,0.0,0.0,0.0,0.0,0.0,0.140870453218655,0.0,0.012949999999999962,-0.7717,0.7976,16,0.0,0.0,0.0,0.0,0.0,0.0,1.0,0.0,0.0,0.0,0.0,0,0,0,0,0,0,2,0,0,0,0
477,tellman1257,0.0,0.0,0.0,0.0,0.0,0.0,0.0,0.0,0.0,0.0,-0.4767,-0.4767,-0.4767,20,0.0,0.0,0.0,0.0,0.0,0.0,1.0,0.0,0.0,0.0,0.0,0,0,0,0,0,0,1,0,0,0,0
478,theartfooldodger,0.0,0.0,0.06492492987715688,0.0,0.0,0.0,0.0,0.0,0.0,0.0,-0.8126,-0.8126,-0.8126,5,0.0,0.0,0.0,0.0,0.0,0.0,0.0,1.0,0.0,0.0,0.0,0,0,0,0,0,0,0,1,0,0,0
479,thenewyorkoffice,0.0,0.0,0.0,0.0,0.0,0.0,0.0,0.0,0.05626839061638844,0.0,0.7561,0.7561,0.7561,23,0.0,0.0,0.0,0.0,0.0,0.0,0.0,0.0,0.0,0.0,1.0,0,0,0,0,0,0,0,0,0,0,1
480,theninjallama,0.0,0.0,0.0,0.0,0.0,0.0,0.0,0.0,0.0,0.0,0.6705,0.6705,0.6705,21,0.0,0.0,0.0,0.0,0.0,0.0,1.0,0.0,0.0,0.0,0.0,0,0,0,0,0,0,1,0,0,0,0
481,theone1221,0.07984189045558591,0.09073335603664878,0.11506173523555811,0.0,0.0,0.06475879919221757,0.08174785423329267,0.13801762047562516,0.0,0.0,-0.5719,-0.5719,-0.5719,23,0.0,0.0,0.0,0.0,0.0,0.0,0.0,0.0,0.0,1.0,0.0,0,0,0,0,0,0,0,0,0,1,0
482,thewamp,0.0,0.0,0.11299636464346191,0.0,0.0,0.0,0.0,0.0,0.0,0.0,0.7789,0.7789,0.7789,14,0.0,0.0,0.0,0.0,0.0,1.0,0.0,0.0,0.0,0.0,0.0,0,0,0,0,0,1,0,0,0,0,0
483,thistokenusername,0.0,0.0,0.04026882995768035,0.0,0.0,0.0,0.0,0.14490850703889926,0.02861975670691013,0.0,-0.5661,-0.5661,-0.5661,4,0.0,0.0,0.0,0.0,0.0,1.0,0.0,0.0,0.0,0.0,0.0,0,0,0,0,0,1,0,0,0,0,0
484,throwaway5272,0.0,0.0,0.0,0.0,0.0,0.0,0.0,0.05681793696023048,0.0,0.0,0.7689,0.7689,0.7689,20,0.0,0.0,0.0,0.0,0.0,1.0,0.0,0.0,0.0,0.0,0.0,0,0,0,0,0,1,0,0,0,0,0
485,throwawayparker,0.0,0.0,0.03627279190751467,0.0,0.0,0.0,0.0,0.0,0.0,0.0,0.4077,0.4077,0.4077,8,0.0,0.0,0.0,0.0,1.0,0.0,0.0,0.0,0.0,0.0,0.0,0,0,0,0,1,0,0,0,0,0,0
486,timoumd,0.0,0.0,0.0,0.0,0.0,0.16466122355370313,0.0,0.0,0.0,0.0,-0.6908,-0.6908,-0.6908,1,0.0,0.0,0.0,0.0,0.0,0.0,0.0,1.0,0.0,0.0,0.0,0,0,0,0,0,0,0,1,0,0,0
487,todayilearned83,0.0,0.0,0.0,0.15778118661098267,0.1591319993368208,0.0,0.0,0.0,0.07730682793661472,0.0,-0.4404,-0.4404,-0.4404,16,0.0,0.0,0.0,0.0,0.0,0.0,0.0,1.0,0.0,0.0,0.0,0,0,0,0,0,0,0,1,0,0,0
488,tradesojack,0.05341537809220911,0.0,0.0,0.0,0.0,0.0,0.0,0.0,0.027354787511358385,0.16276461564699468,-0.4525,-0.4525,-0.4525,7,0.0,0.0,0.0,0.0,0.0,1.0,0.0,0.0,0.0,0.0,0.0,0,0,0,0,0,1,0,0,0,0,0
489,travistee,0.0,0.0,0.0736856680354662,0.09828622237932653,0.09912768062169539,0.08294321947925061,0.10470284038936632,0.0,0.2919649798456812,0.0,-0.021200000000000014,-0.8591,0.8074,3,1.0,0.0,0.0,0.0,0.0,0.0,1.0,0.0,0.0,0.0,1.0,1,0,0,0,0,0,2,0,0,0,3
490,trekman3,0.0,0.0,0.0,0.0,0.0,0.0,0.0,0.0,0.07315901523002766,0.09673463305572062,-0.6114,-0.6114,-0.6114,4,0.0,0.0,0.0,1.0,0.0,0.0,0.0,0.0,0.0,0.0,0.0,0,0,0,1,0,0,0,0,0,0,0
491,trickoflight,0.0,0.0,0.0,0.0,0.0,0.05631032512738652,0.0,0.0,0.0,0.0,0.8779,0.8779,0.8779,15,0.0,0.0,0.0,0.0,0.0,0.0,0.0,0.0,0.0,1.0,0.0,0,0,0,0,0,0,0,0,0,1,0
492,trojan_kitten_2014,0.0,0.0,0.13897641209442577,0.0,0.0,0.0,0.0,0.0,0.09877294935864253,0.0,0.3089,0.3089,0.3089,6,0.0,0.0,0.0,0.0,0.0,0.0,0.0,0.0,0.0,0.0,1.0,0,0,0,0,0,0,0,0,0,0,1
493,tyguy52,0.0,0.0,0.0,0.0,0.0,0.0,0.0,0.0,0.06033709070369506,0.0,0.34,0.34,0.34,20,0.0,0.0,0.0,0.0,0.0,0.0,1.0,0.0,0.0,0.0,0.0,0,0,0,0,0,0,1,0,0,0,0
494,tyrextyvek,0.0,0.0,0.0,0.0,0.0,0.0,0.0,0.0,0.0,0.0,0.2617,0.2617,0.2617,21,1.0,0.0,0.0,0.0,0.0,0.0,0.0,0.0,0.0,0.0,0.0,1,0,0,0,0,0,0,0,0,0,0
495,ultimis,0.0,0.0,0.0,0.0,0.0,0.0,0.0,0.0,0.06287904526482826,0.0,-0.4404,-0.4404,-0.4404,2,1.0,0.0,0.0,0.0,0.0,0.0,0.0,0.0,0.0,0.0,0.0,1,0,0,0,0,0,0,0,0,0,0
496,ultragamer888,0.0,0.0,0.0,0.1756395202729883,0.1771432236247055,0.0,0.0,0.0,0.08605673758868998,0.0,-0.3182,-0.3182,-0.3182,23,0.0,0.0,0.0,0.0,0.0,0.0,0.0,0.0,0.0,1.0,0.0,0,0,0,0,0,0,0,0,0,1,0
497,uptnapishtim,0.0,0.0,0.0,0.0,0.0,0.041376685345498924,0.0,0.0,0.0,0.0,0.4356,0.4356,0.4356,18,0.0,0.0,0.0,0.0,0.0,0.0,0.0,0.0,0.0,1.0,0.0,0,0,0,0,0,0,0,0,0,1,0
498,urbanreason,0.057242002718541046,0.0,0.0,0.0,0.0,0.0928566029250633,0.0,0.0,0.0,0.0,-0.9269,-0.9269,-0.9269,21,0.0,0.0,0.0,0.0,0.0,1.0,0.0,0.0,0.0,0.0,0.0,0,0,0,0,0,1,0,0,0,0,0
499,userbrn1,0.0,0.0,0.10035013077928186,0.0,0.0,0.0,0.0,0.12037091424199305,0.0,0.0,-0.6901,-0.6901,-0.6901,21,0.0,0.0,0.0,0.0,0.0,1.0,0.0,0.0,0.0,0.0,0.0,0,0,0,0,0,1,0,0,0,0,0
500,vanderbugger,0.0,0.0,0.09296840384177091,0.0,0.0,0.0,0.0,0.05575823209770643,0.0,0.0,0.2732,0.2732,0.2732,3,0.0,0.0,0.0,0.0,0.0,0.0,0.0,0.0,0.0,1.0,0.0,0,0,0,0,0,0,0,0,0,1,0
501,vintage_kid,0.0,0.0,0.0,0.0,0.0,0.0,0.0,0.0,0.1387197740783339,0.0,-0.4215,-0.4215,-0.4215,16,0.0,0.0,1.0,0.0,0.0,0.0,0.0,0.0,0.0,0.0,0.0,0,0,1,0,0,0,0,0,0,0,0
502,voxitron,0.0,0.0,0.0,0.0,0.0,0.0,0.0,0.0,0.09271418029005091,0.0,-0.4019,-0.4019,-0.4019,6,0.0,0.0,0.0,0.0,0.0,0.0,0.0,1.0,0.0,0.0,0.0,0,0,0,0,0,0,0,1,0,0,0
503,wabashie,0.0,0.0,0.0,0.0,0.0,0.0,0.0,0.11737831436787927,0.0,0.1379388418857647,-0.34,-0.34,-0.34,19,0.0,0.0,0.0,0.0,0.0,0.0,0.0,1.0,0.0,0.0,0.0,0,0,0,0,0,0,0,1,0,0,0
504,wallaceeffect,0.0,0.0,0.07107390554135895,0.0,0.0,0.04000166317096459,0.0,0.04262690502905021,0.0,0.0,-0.8625,-0.8625,-0.8625,17,0.0,0.0,0.0,0.0,1.0,0.0,0.0,0.0,0.0,0.0,0.0,0,0,0,0,1,0,0,0,0,0,0
505,walrus-mafia,0.0,0.0,0.08921806475112336,0.0,0.0,0.0,0.0,0.0,0.06340882786318709,0.0,0.4019,0.4019,0.4019,15,0.0,0.0,0.0,0.0,0.0,0.0,1.0,0.0,0.0,0.0,0.0,0,0,0,0,0,0,1,0,0,0,0
506,walterhpdx,0.05926180970918602,0.06734588633908675,0.0,0.0,0.0,0.0,0.0,0.20488427602277348,0.0910464890467442,0.0,-0.7013,-0.7013,-0.7013,15,0.0,0.0,0.0,0.0,0.0,1.0,0.0,0.0,0.0,0.0,0.0,0,0,0,0,0,1,0,0,0,0,0
507,warrior4488,0.0,0.0,0.0,0.0,0.0,0.04418734115649278,0.0,0.0,0.027899532944903136,0.0,-0.2406,-0.2406,-0.2406,11,0.0,0.0,0.0,0.0,0.0,0.0,0.0,0.0,1.0,0.0,0.0,0,0,0,0,0,0,0,0,1,0,0
508,well_here_I_am,0.0,0.0,0.0,0.0,0.0,0.040393352449273515,0.0,0.0,0.0,0.0,0.7149,0.7149,0.7149,23,1.0,0.0,0.0,0.0,0.0,0.0,0.0,0.0,0.0,0.0,0.0,1,0,0,0,0,0,0,0,0,0,0
509,wenchette,0.0,0.0,0.0,0.0,0.0,0.0,0.0,0.0,0.1977718302114116,0.16200124802987056,-0.30716666666666664,-0.883,0.4019,18,0.0,0.0,1.0,0.0,0.0,0.0,0.0,1.0,0.0,0.0,0.0,0,0,1,0,0,0,0,2,0,0,0
510,whotaketh,0.0,0.0,0.0,0.0,0.0,0.0,0.0,0.0,0.02622375931928519,0.0,-0.9383,-0.9383,-0.9383,22,0.0,0.0,0.0,0.0,0.0,0.0,0.0,0.0,0.0,1.0,0.0,0,0,0,0,0,0,0,0,0,1,0
511,wiseprogressivethink,0.0,0.0,0.1229402673299824,0.0,0.0,0.0,0.0,0.0,0.2192160607056374,0.0,-0.15293333333333334,-0.4588,0.3182,20,1.0,0.0,0.0,0.0,0.0,0.0,0.0,0.0,0.0,0.0,0.0,3,0,0,0,0,0,0,0,0,0,0
512,wizard_of_wisdom,0.0,0.0,0.13905285341210583,0.0,0.0,0.1565228577994989,0.19758562424223472,0.0,0.0,0.0,0.4767,0.4767,0.4767,17,0.0,0.0,0.0,0.0,0.0,0.0,1.0,0.0,0.0,0.0,0.0,0,0,0,0,0,0,1,0,0,0,0
513,wrigleyDPS,0.0,0.0,0.0,0.0,0.0,0.0,0.0,0.0,0.04005674556519588,0.0,-0.7003,-0.7003,-0.7003,22,0.0,0.0,0.0,0.0,0.0,0.0,1.0,0.0,0.0,0.0,0.0,0,0,0,0,0,0,1,0,0,0,0
514,xDok,0.0,0.0,0.11545757037943696,0.0,0.0,0.0,0.0,0.0,0.08205770015426553,0.0,0.5994,0.5994,0.5994,17,0.0,0.0,0.0,0.0,0.0,0.0,1.0,0.0,0.0,0.0,0.0,0,0,0,0,0,0,1,0,0,0,0
515,xelf,0.0,0.0,0.0,0.0,0.0,0.0,0.0,0.042485982189068565,0.0,0.0,-0.8178,-0.8178,-0.8178,21,0.0,0.0,0.0,0.0,0.0,0.0,0.0,1.0,0.0,0.0,0.0,0,0,0,0,0,0,0,1,0,0,0
516,xjayroox,0.0,0.0,0.0,0.0,0.0,0.0,0.0,0.0,0.08379575041139581,0.0,-0.34,-0.34,-0.34,13,0.0,0.0,0.0,0.0,0.0,0.0,0.0,0.0,0.0,1.0,0.0,0,0,0,0,0,0,0,0,0,1,0
517,yaxis4uk,0.0,0.0,0.0,0.10855219063864747,0.10948153895755589,0.0,0.0,0.0,0.053186477450793815,0.0,0.4927,0.4927,0.4927,10,0.0,0.0,0.0,0.0,0.0,0.0,0.0,0.0,1.0,0.0,0.0,0,0,0,0,0,0,0,0,1,0,0
518,yougottasliceitright,0.06837475583189093,0.0,0.0,0.0,0.0,0.0,0.0,0.05909755547289419,0.0,0.06944935616183567,0.7717,0.7717,0.7717,14,0.0,0.0,0.0,0.0,0.0,1.0,0.0,0.0,0.0,0.0,0.0,0,0,0,0,0,1,0,0,0,0,0
519,youyork,0.0,0.0,0.0,0.0,0.0,0.0,0.0,0.0,0.10234744369332183,0.0,-0.3612,-0.3612,-0.3612,7,0.0,0.0,0.0,0.0,0.0,0.0,0.0,0.0,0.0,0.0,1.0,0,0,0,0,0,0,0,0,0,0,1
520,yur_mom,0.0,0.0,0.0,0.0,0.0,0.0,0.0,0.0,0.026617580130707776,0.0,-0.6546,-0.6546,-0.6546,17,0.0,0.0,0.0,0.0,1.0,0.0,0.0,0.0,0.0,0.0,0.0,0,0,0,0,1,0,0,0,0,0,0
521,yzass,0.0,0.0,0.0,0.0,0.0,0.0,0.0,0.0,0.06994949480558736,0.0,-0.4215,-0.4215,-0.4215,17,1.0,0.0,0.0,0.0,0.0,0.0,0.0,0.0,0.0,0.0,0.0,1,0,0,0,0,0,0,0,0,0,0
522,zachoudh,0.0,0.0,0.0,0.07495629454790856,0.07559801818259403,0.0,0.0,0.0,0.03672575602862169,0.0,0.886,0.886,0.886,1,0.0,0.0,0.0,0.0,1.0,0.0,0.0,0.0,0.0,0.0,0.0,0,0,0,0,1,0,0,0,0,0,0
523,zenmasterzen3,0.0,0.0,0.0,0.0,0.0,0.0,0.0,0.0,0.0714892841314725,0.0,-0.4404,-0.4404,-0.4404,2,0.0,0.0,1.0,0.0,0.0,0.0,0.0,0.0,0.0,0.0,0.0,0,0,1,0,0,0,0,0,0,0,0
524,zeperf,0.0,0.0,0.0,0.0,0.0,0.0,0.0,0.0,0.08084582010902598,0.0,-0.754,-0.9221,-0.5859,16,0.0,0.0,0.0,0.0,1.0,1.0,0.0,0.0,0.0,0.0,0.0,0,0,0,0,1,1,0,0,0,0,0
525,zopnews,0.14712082923869046,0.1671900114532822,0.0,0.3389283140306912,0.3418299824081025,0.0,0.0,0.12715923093792575,0.1660620852105682,0.0,0.19823333333333334,-0.2732,0.5719,6,0.0,0.0,0.0,0.0,0.0,0.0,0.0,0.0,0.0,0.0,1.0,0,0,0,0,0,0,0,0,0,0,3
